크레딧명,참여사명,배역,기타,KMDb 영화정보관리번호
제작사,미디어나무,,,A08437
배급사,㈜시네마달,,,A08437
투자사,제이앤씨미디어그룹,제공,,K28560
투자사,영화반점,공동제공,,K28560
배급사,필름에이픽쳐스,,,A10887
제작사,필름에이픽쳐스,,,A10887
제작사,한국영상대학교,,,A10887
제작사,와이씨네,,,K28671
제작사,한국영화아카데미,,,K21479
제작사,한국영화아카데미,,,K21480
제작사,주식회사인시즌,,,K28902
배급사,㈜스튜디오 보난자,,,K22704
제작사,한국영화아카데미,,,K21471
제작사,쿠벨바그,,,A05539
투자사,넷플릭스,,,K28546
투자사,(주)에이스메이커무비웍스,제공,,K23046
투자사,가이아벤처파트너스(유),공동제공,,K23046
투자사,대성창업투자㈜,공동제공,,K23046
투자사,미시간벤처캐피탈㈜,공동제공,,K23046
투자사,㈜센트럴투자파트너스,공동제공,,K23046
투자사,쏠레어파트너스(유),공동제공,,K23046
투자사,CJ ENM,공동제공,,K23046
투자사,IBK 기업은행,공동제공,,K23046
투자사,㈜이수창업투자,공동제공,,K23046
투자사,KC벤처스㈜,공동제공,,K23046
투자사,쿨리지코너인베스트먼트㈜,공동제공,,K23046
제작사,인디라인,,,A09922
제작사,㈜마일스톤컴퍼니,,,K23122
제작사,트웰브져니㈜,,,K26824
제작사,씨제이이앤엠㈜,,,K26824
투자사,영화사 청춘 주식회사,제공,,K21823
투자사,유랩,제공,,K27359
투자사,영화사단비㈜,공동제공,,K21823
투자사,타임랩,제공,,K27359
투자사,땡큐월드,공동제공,,K27359
투자사,참컴,공동제공,,K27359
투자사,밍글즈,공동제공,,K27359
제작사,㈜무당벌레필름,기획/제작,,K23070
공동제작사,㈜필립 홀딩스,,,K23070
공동제작사,㈜엔덤,,,K23070
공동제작사,해방필름,,,K23070
배급사,필름다빈,,,K20346
투자사,오퍼스픽쳐스,,,A10520
제작사,오퍼스픽쳐스,,,A10520
제작사,인벤트스톤,,,A10520
제작사,비케이미디어,,,A10520
제작사,굿인스토리,,,K21697
배급사,㈜시네마달,,,K21697
제작사,피아이씨필름,,,K26457
배급사,아토,해외배급,,K20513
제작사,매니악씨어터,,,K27019
제작사,㈜컨택트미디어,,,K28978
공동제작사,㈜인연엔터테인먼트,,,K28978
제작사,디아스포라 필름 프로덕션,,,A09256
공동제작사,쥬네스엔터테인먼트,,Ep. 3 <깃털처럼 가볍게>,K29140
투자사,디아스포라 필름 프로덕션,제공,,A09256
제작사,한국영화아카데미,,,K28779
제작사,갱경엔터테인먼트,,,K28098
제작사,㈜엠엔에프씨,,,A08440
공동제작사,㈜본팩토리,,,K23729
공동제작사,㈜데이드림엔터테인먼트,,,K23729
공동제작사,조이앤시네마,,,K23729
투자사,새바엔터테인먼트,제공,,K15832
제작사,브릿지ENT,,,K17369
제작사,윈더미디어,,,K17369
제작사,CJ 4DPLEX,제작,,K22987
배급사,장산시네마,,,A09913
제작사,다큐인,,,A06422
투자사,CJ CGV,제공/제작투자총괄,,K22987
투자사,슈팅걸스 유한회사,제공,,K15832
투자사,㈜아이언 스튜디오,제공,,K15832
투자사,㈜원기산삼,제공,,K15832
제작사,새바엔터테인먼트,,,K15832
제작사,㈜아이언 스튜디오,,,K15832
배급사,㈜영화사 오원,,,K15832
제작사,버드커뮤니케이션,,,K29986
제작사,시네마테크 충무로,,,K30489
배급사,㈜콘텐츠윙,,,K21035
투자사,영화진흥위원회,제공,,K29095
투자사,애니투아트㈜,,,K22903
투자사,스튜디오비㈜,,,K22903
투자사,중소기업진흥공단,,2015 프로젝트금융형 대출투자 선정작,K22903
투자사,아에이오우디자인,,,K22903
투자사,엘시스테크놀로지,,,K22903
배급사,맥스프로,,,K28686
제작사,국립극장,,,A10418
투자사,(유)김시우 필름,제공,,K28650
투자사,㈜인스터,제공,,K28650
배급사,㈜NEW,,,K21582
제작사,조아필름,,,K22839
제작사,파랑필름,,,K22839
제작사,와이제이글로벌그룹,,,K22839
제작사,전주영상위원회,,,K19949
제작사,주식회사 케이엠스타,,,K28918
제작사,한국예술종합학교 영상원 영화과,,,K13524
배급사,제이앤씨미디어그룹,,,K27289
제작사,영화사 못,,,A09972
배급사,그린나래미디어(주),,,K23190
제작사,존필름,,,A08264
배급사,㈜시네마달,해외배급,,A08265
제작사,존필름,,,A08265
투자사,㈜그노스,제공,,K28294
투자사,㈜다날엔터테인먼트,공동제공,,K28294
제작사,한국예술종합학교 영상원,,,K14825
제작사,한국예술종합학교 영상원,,,K14828
제작사,한국예술종합학교 영상원,,,K14829
제작사,한국예술종합학교 영상원,,,K14824
제작사,한국예술종합학교 영상원,,,K14826
제작사,한국예술종합학교 영상원,,,K14827
투자사,왓에버웍스 픽쳐스,제작투자,,K24536
배급사,㈜쇼박스,배급,,K24497
배급사,㈜화인컷,해외배급,,K24497
제작사,㈜영화사 집,,,K28829
제작사,파이오니아21,,,A10760
배급사,파이오니아21,,,A10760
제작사,보리와 오디 영화사,,,K27410
제작사,(주)영화맞춤제작소 영화공장,,,K16727
제작사,한국영화아카데미,,,K29112
제작사,한국예술종합학교,,,K16591
제작사,인디라인,,,A06559
제작사,(주)김기덕 필름,,,K15868
배급사,㈜콘텐츠판다,,,K16341
배급사,(주)울림엔터테인먼트,,,K17033
투자사,다나플릭스,,,K17369
배급사,다나플릭스,,,K17369
제작사,희원극단,,,K24624
제작사,한국영화아카데미,,,K28777
제작사,힐링필름,,,K19123
배급사,센트럴파크,해외배급,,K18408
배급사,㈜시네마달,,,A08354
제작사,ZEN/TV,,,K17670
배급사,㈜드림팩트엔터테인먼트,,,K17670
배급사,센트럴 파크,,,K17537
제작사,밀리언달라스튜디오,,,K17591
배급사,아토,해외배급,,K19917
배급사,퍼니콘,,,K18023
배급사,CGV ScreenX,,,A08353
제작사,JYP 엔터테인먼트,,,A08353
배급사,센트럴파크,,,K19639
배급사,호우주의보,,,K17371
제작사,한국영화아카데미,,,K18194
제작사,유관순문화산업전문유한회사,,,A08773
공동제작사,블리트필름,,,K16727
배급사,M-Line Distribution,해외배급,,K28931
배급사,㈜트리플픽쳐스,,,K28931
제작사,한국영화아카데미,,,K18147
공동제작사,팀 킹콩,,,K29130
공동제작사,필름 뉴 웨이브,,,K29130
투자사,㈜영화맞춤제작소 영화공장,,,K16727
제작사,한국예술종합학교 영상원 영화과,,,K32631
제작사,한국예술종합학교 영상원 영화과,,,K18917
배급사,센트럴파크,,,K21256
제작사,한국예술종합학교 영상원,,,K21256
배급사,한국예술종합학교 미디어콘텐츠센터,해외배급,,K21291
제작사,한국예술종합학교 영상원,,,K20099
제작사,한국예술종합학교 영상원,,,K20324
제작사,한국예술종합학교 영상원,,,K20203
제작사,한국예술종합학교 영상원,,,K19293
배급사,커넥트픽쳐스,,,A08878
제작사,한국예술종합학교 영상원,,,K20233
배급사,센트럴파크,,,K19988
공동제작사,㈜영화사레드피터,,,K20897
배급사,한국예술종합학교 미디어콘텐츠센터,해외배급,,K20335
제작사,명필름랩,,,A09259
투자사,명필름랩,,,A09259
배급사,리틀빅픽처스,,,A09259
배급사,kth,,,K20826
제작사,한국영화아카데미,,,K21472
투자사,NEW CONTENTS PANDA,,,K21156
투자사,NEW MUSIC,,,K21156
공동제작사,커넥트픽쳐스,,,A09256
배급사,소나무픽쳐스,,,K21485
제작사,한국예술종합학교 영상원 영화과,,,K32449
제작사,한국예술종합학교 영상원 영화과,,,K32438
제작사,한국예술종합학교 영상원 영화과,,,K32454
제작사,키이스트,,,K17515
제작사,명량문화재단,,,A09408
배급사,㈜하세,,,A09408
제작사,반달,,,A09419
제작사,두 번째 영화제작을 위한 모임,,,K15251
배급사,㈜인디스토리,,,K19204
공동제작사,세븐오식스,,,K17515
배급사,필름다빈,,,K16500
배급사,㈜드림팩트엔터테인먼트,,,K21143
배급사,씨제이이앤엠㈜,해외배급,,K21143
제작사,KNN,,,A08982
제작사,한국예술종합학교 영상원,,,K21595
제작사,뉴스타파,,,A09650
투자사,리틀빅픽처스,,,A09650
배급사,리틀빅픽처스,,,A09650
제작사,㈜흑기사필름,,,K21143
제작사,남화흥업주식회사,,,K02001
제작사,한국예술종합학교 영상원,,,K20167
배급사,센트럴파크,,,K18205
배급사,센트럴파크,,,K18796
배급사,한국예술종합학교 미디어콘텐츠센터,해외배급,,K20158
배급사,한국예술종합학교 미디어콘텐츠센터,해외배급,,K20580
제작사,KBS,,,A08878
공동제작사,커넥트픽쳐스,,,A08878
제작사,영화사 인연,,,K21485
제작사,무치필름,,,A09405
배급사,롯데엔터테인먼트,,,A08440
배급사,㈜엣나인필름,,,A09419
배급사,반달,해외배급,,A09419
제작사,New Star Corp.,,,K28791
제작사,KBS 미디어,,,A09659
배급사,㈜영화특별시SMC,,,A09659
제작사,㈜그래그거,,,K17962
배급사,(주)스톰픽쳐스코리아,,,K17962
배급사,와이드릴리즈(주),공동배급,,K17962
제작사,한국예술종합학교 영상원,,,K20115
공동제작사,광주 MBC,,,A09736
공동제작사,㈜대호Ent.,,,A09736
배급사,센트럴파크,,,K17544
배급사,센트럴파크,,,K20330
제작사,한국예술종합학교 영상원,,,K20188
제작사,한국예술종합학교 영상원,,,K20296
제작사,한국예술종합학교 영상원,,,K20138
배급사,퍼니콘,,,K19022
제작사,한국예술종합학교 영상원,,,K20357
배급사,퍼니콘,,,K21295
배급사,제이앤씨미디어그룹,,,K24606
공동제작사,㈜스마일이엔티,,,K22599
제작사,㈜키다리이엔티,,,K22599
제작사,㈜더프라이데이픽처스,,,K22599
배급사,커넥트픽쳐스,,,A09256
공동제작사,㈜아쿠아픽쳐스,,,K21143
제작사,고구마콘텐츠허브,,,K20435
제작사,상구네 필름,,,A05850
배급사,(주)시네마달,,,A05850
제작사,한국영화아카데미,,,K21424
배급사,호우주의보,,,K22445
배급사,필름다빈,,,K20355
제작사,TCO(주)더콘텐츠온,,,K17966
제작사,㈜연필로명상하기,,,K17966
제작사,오소호필름,,,K22559
투자사,㈜컨텐츠빌리지,제공,,K22548
공동제작사,㈜아이언스튜디오,,,K22548
배급사,㈜인디플러그,,,A09829
제작사,믿는구석,,,K17371
제작사,㈜영화사 메이플러스,,,A09736
제작사,영화사 인연,,,K22618
제작사,다큐스토리,,,A09833
배급사,다큐스토리,,,A09833
배급사,호우주의보,,,K21961
제작사,㈜영화제작 전원사,,,K21967
배급사,㈜영화제작 전원사,배급,,K21967
배급사,㈜콘텐츠판다,배급,,K21967
배급사,㈜화인컷,해외배급,,K21967
제작사,영화사 무명,,,A09673
제작사,너머필름,,,K22704
제작사,브릿지엔터테인먼트,,,K22055
배급사,호우주의보,,,K17968
배급사,㈜영화사 진진,,,A09883
제작사,장산시네마,,,K22937
제작사,한국예술종합학교 영상원,,,K14388
제작사,한국예술종합학교 영상원,,,K14389
제작사,한국예술종합학교 영상원,,,K14393
배급사,㈜유비네트워크,,,K22831
제작사,굿데이메이커스,,,K22921
제작사,한국예술종합학교 영상원,,,K13289
제작사,한국예술종합학교 영상원,,,K13420
제작사,한국예술종합학교 영상원,,,K15671
제작사,한국예술종합학교 영상원,,,K15676
제작사,장산시네마,,,K22934
제작사,한국예술종합학교 영상원,,,K15678
제작사,한국예술종합학교 영상원,,,A05754
제작사,스튜디오 8,,,A09730
배급사,씨제이포디플렉스,,,A09939
배급사,㈜드림팩트엔터테인먼트,,,K23026
배급사,호우주의보,,,K17575
제작사,(주)인터오리진아이엔씨,,,A09971
제작사,레드무비,,,A09973
제작사,웃음을 주는 영화,,,A09651
제작사,㈜인디컴,,,K22881
제작사,예술의전당,,,A09901
제작사,애니투아트㈜,,,K22903
배급사,㈜에이원엔터테인먼트,,,K22903
제작사,장산시네마,,,K22935
제작사,영화사 인연,,,K22848
배급사,메가박스중앙㈜플러스엠,,,K22103
배급사,M-Line Distribution,해외배급,,A08410
제작사,씨제이포디플렉스,,,A09939
제작사,타워필름,,,K22787
배급사,목영엘티디,,,K23074
배급사,호우주의보,,,K23225
배급사,㈜인디스토리,,,K22208
제작사,러블리베어필름,,,K23096
제작사,㈜필머스엔터테인먼트,,,K23099
제작사,(유)스웨그 문화산업전문회사,,,K23093
제작사,㈜퍼플스트로우필름,,,K23093
배급사,CJ 엔터테인먼트,,,K22585
제작사,㈜훈프로,,,A09829
투자사,(주)형설앤,제공/투자,,K23056
투자사,(주)새한프로덕션,제공/투자,,K23056
투자사,대교애니메이션전문투자조합,공동투자,,K23056
배급사,㈜드림팩트엔터테인먼트,,,K22548
배급사,(주)인터오리진아이엔씨,,,A09971
투자사,㈜인디컴,,,K22881
배급사,시네마 뉴원,,,K22881
제작사,영화사 청춘 주식회사,,,K21823
배급사,㈜마운틴픽쳐스,,,K21823
배급사,조이앤시네마,,,K23045
제작사,아토,,,K23047
제작사,모토,,,K23047
배급사,리틀빅픽처스,,,K23047
제작사,영화사 아람㈜,,,K22661
제작사,클라이맥스 스튜디오,,,K24546
배급사,㈜스튜디오 디에이치엘,,,A10113
제작사,로드맵 픽처스,,,K24597
제작사,스토리웍스코리아,,,A10138
제작사,트리필름,,,K25198
배급사,트리필름,,,K25198
배급사,씨제이이앤엠㈜,,,K24546
제작사,㈜26컴퍼니,,,K23866
제작사,성적소수문화환경을위한모임 연분홍치마,기획/제작,,A10098
제작사,VOID SPACE,,,K17953
제작사,㈜곰픽쳐스,,,K24539
제작사,백지수표㈜,,,K24539
배급사,(주)케빈앤컴퍼니,,,A10551
제작사,한국영화아카데미,,,K26307
배급사,㈜콘텐츠판다,,,K24932
배급사,㈜콘텐츠판다,,,K24492
배급사,어뮤즈,,,K31814
제작사,㈜영화사 그램,,,A10493
배급사,㈜영화사 그램,,,A10493
제작사,실크우드㈜,,,K26754
제작사,리틀빅픽처스,,,K26754
배급사,(주)유어스토리블루,,,K23265
제작사,왓에버웍스,,,K24536
제작사,희원극단,,,K27879
제작사,이상우필름,,,K26455
제작사,(주)영진크리에이티브,,,K26604
배급사,(주)영진크리에이티브,,,K26604
제작사,한국예술종합학교 영상원,,,K23520
배급사,롯데엔터테인먼트,배급,,K17515
제작사,㈜쇼박스,,,A10484
배급사,씨제이이앤엠㈜,,,K26824
제작사,태오닉 모,,,A10697
배급사,㈜엣나인필름,,,A10697
제작사,용덤,,,K22013
배급사,㈜액티버스엔터테인먼트,,,K23364
제작사,강 컨텐츠,,,K23509
배급사,한양제작소,,,K26754
배급사,리틀빅픽처스,,,K26754
제작사,프로젝트 위기,,,A10545
제작사,주식회사 씨엠닉스,,,A10545
제작사,㈜노던크로스,,,K24497
제작사,GDH,,,K24497
제작사,다큐이야기,,,A09995
제작사,성북장애인자립생활센터,,,A11329
제작사,아남네시스필름,,,A09126
배급사,장산시네마,,,K22937
제작사,한국문화예술위원회,주최,,A09747
제작사,입과손스튜디오,공연제작,,A09747
제작사,연두픽처스,영상제작,,A09747
투자사,메가박스중앙㈜,제공/제작투자,,A10500
제작사,주식회사 비싸이드픽쳐스,,,K25389
제작사,하이엔드 픽쳐스,,,K25389
투자사,(주)콘텐츠패밀리,,,K25389
배급사,(주)콘텐츠패밀리,,,K25389
투자사,주식회사 비싸이드 픽쳐스,,,K25389
배급사,㈜엣나인필름,,,A10098
배급사,원픽쳐스,,,K27379
제작사,앤드마크스튜디오,,,K30302
제작사,이상우필름,,,K27436
제작사,강 컨텐츠,,,A09787
배급사,목영엘티디,,,K23344
제작사,EMK뮤지컬컴퍼니,,,A10625
제작사,(주)위즈온센,,,A10625
배급사,롯데엔터테인먼트,,,A10625
배급사,호우주의보,,,K23602
제작사,게이트 6,,,K21036
배급사,호우주의보,,,K18173
배급사,호우주의보,,,K20930
배급사,호우주의보,,,K24599
배급사,㈜엣나인필름,배급,,K23122
배급사,㈜화인컷,해외배급,,K23122
배급사,㈜스튜디오 디에이치엘,,,K24539
배급사,퍼니콘,,,K23951
투자사,㈜쇼박스,,,K24497
제작사,레드펀트,,,A10125
배급사,필름다빈,,,A10125
투자사,(주)더그레이트컴퍼니,,,K26017
배급사,넷플릭스서비시스코리아 유한회사,,,K23866
배급사,호우주의보,,,K17370
배급사,퍼니콘,,,K21857
제작사,(주)이로츠,,,A10113
제작사,빈스로드,,,A10113
제작사,㈜인디스토리,,,A10114
배급사,㈜인디스토리,,,A10114
배급사,㈜예지림엔터테인먼트,,,K22362
제작사,모그픽쳐스,,,K26017
제작사,더그레이트컴퍼니,,,K26017
제작사,주식회사 플릭스코,,,K26018
배급사,리틀빅픽처스,,,K22837
투자사,(주)영진크리에이티브,,,K26604
제작사,한국예술종합학교 영상원,,,K12966
제작사,국립국악관현악단,,,A10551
배급사,(주)이놀미디어,,,K27232
제작사,문화체육관광부 국립극장,,,A10551
제작사,주식회사 시네마틱퍼슨,,,A10144
배급사,(주)넥스트엔터테인먼트월드(NEW),,,A10144
배급사,주식회사 씨엠닉스,,,K19949
제작사,(주)비리프,,,K21582
투자사,롯데엔터테인먼트,제공,,K17515
투자사,쏠레어파트너스,공동제공,,K17515
투자사,타임와이즈인베스트먼트㈜,공동제공,,K17515
투자사,KC벤처스㈜,공동제공,,K17515
투자사,캐피탈원㈜,공동제공,,K17515
투자사,㈜이수창업투자,공동제공,,K17515
투자사,IBK기업은행,공동제공,,K17515
투자사,한국방송광고진흥공사,공동제공,,K17515
투자사,㈜티지씨케이파트너스,공동제공,,K17515
투자사,한국투자파트너스㈜,공동제공,,K17515
투자사,KDB산은캐피탈,공동제공,,K17515
투자사,주식회사 대교인베스트먼트,공동제공,,K17515
배급사,㈜드림팩트엔터테인먼트,,,A10587
제작사,이상우필름,,,K27366
제작사,원픽쳐스,,,K27379
제작사,고양이구름 필름,,,A10587
배급사,호우주의보,,,K24605
배급사,㈜시네마달,,,A10312
배급사,이상우필름,배급,,K26455
배급사,㈜미로비젼,해외배급,,K26455
배급사,㈜미로비젼,해외배급,,K17966
배급사,(주)씨네필운,배급,,K17966
투자사,Intertwine Music,,,A10650
제작사,CJ 4DPLEX ScreenX Studio,,,A10650
배급사,Trafalgar Releasing & CJ 4DPLEX,,,A10650
투자사,스타쉽 엔터테인먼트 Co. Ltd.,,,A10650
제작사,(주)에스비에스미디어넷,,,K23265
제작사,타이거 시네마,,,K22616
제작사,Dankook Graduate School of Cinematic Content (DGC),,,K22616
배급사,퍼니콘,,,K23953
제작사,한국영화아카데미,,,K24277
배급사,필름다빈,,,A09043
배급사,(주)박수엔터테인먼트,,,K26017
제작사,국립극장,,,A10651
제작사,국립창극단,,,A10651
제작사,쉼표,,,K28659
제작사,㈜아센디오,,,K23729
제작사,플레이리스트 주식회사,,,K28477
투자사,㈜인터파크INT,투자/제공,,A09659
투자사,㈜드림팩트엔터테인먼트,공동제공,,A09659
배급사,센트럴파크,,,K29398
투자사,㈜유비네트워크,제공,,K22831
투자사,㈜영화사 그램,제공,,A10949
투자사,비케이 시네윈,제공,,K23364
제작사,KNN,기획/제작,,A10949
배급사,㈜영화사 그램,,,A10949
배급사,㈜드림팩트엔터테인먼트,배급,,A10955
배급사,블루필름웍스,공동배급,,A10955
제작사,(주)나인테일즈코리아,,,K23371
공동제작사,㈜황금소나무,,,K23371
공동제작사,㈜피플스퀘어엔터테인먼트,,,K23371
제작사,영화진흥위원회,제작지원,,K20930
제작사,한국예술종합학교,제작지원,,K20930
제작사,㈜인사이트 필름,제작,,K23046
제작사,㈜어바웃필름,제작,,K23046
제작사,㈜디씨지플러스,공동제작,,K23046
제작사,남아진흥주식회사,,,K03383
배급사,제이앤씨미디어그룹,,,K28560
배급사,㈜컨택트미디어,,,K28340
배급사,센트럴파크,,,K29386
배급사,센트럴파크,,,K29360
배급사,센트럴파크,,,K29364
배급사,호우주의보,,,K29433
제작사,화목한영화사,,,K29397
배급사,호우주의보,,,K29438
배급사,호우주의보,,,K29439
배급사,필름다빈,,,K29317
제작사,한국예술종합학교 영상원 영화과,,,K29321
투자사,대성창업투자㈜,,,K25591
투자사,리틀빅픽처스,,,K25591
투자사,쏠레어파트너스(유),,,K25591
제작사,달바다제작소,,,K22685
배급사,제이씨투엠인터네셔널 주식회사,배급,,K21338
공동제작사,키노비 주식회사,,,K25591
제작사,㈜중헌홀딩스,,,A09854
배급사,㈜중헌홀딩스,,,A09854
제작사,㈜수필름,,,K22585
제작사,장산시네마,,,A09913
투자사,CJ 4DPLEX,제작투자총괄,,K22987
제작사,한국영화아카데미,,,K21473
배급사,㈜스토리웨이브픽쳐스,,,K28410
배급사,㈜콘텐츠판다,,,K28410
배급사,㈜키다리이엔티,,,K22599
투자사,㈜키다리이엔티,제공,,K22599
투자사,㈜이수창업투자,공동제공,,K22599
투자사,이에스인베스터㈜,공동제공,,K22599
투자사,문화체육관광부,투자지원,,K22599
투자사,중소벤처기업부,투자지원,,K22599
투자사,한국벤처투자㈜,투자지원,,K22599
배급사,㈜스마일이엔티,공동배급,,K22599
투자사,영화진흥위원회,Presented by,,K24277
배급사,㈜엣나인필름,배급,,A09972
배급사,(주)메타플레이,배급,,A09972
배급사,M-Line Distribution,해외배급,,A09972
제작사,김충길 필름,,,K29655
투자사,㈜피투스,제공,,K22579
투자사,㈜스톰픽쳐스코리아,공동제공,,K22579
투자사,문화체육관광부,투자지원,,K22579
투자사,한국콘텐츠진흥원,투자지원,,K22579
투자사,㈜팀원픽쳐스,공동제공,,K22579
투자사,㈜올엠커뮤니케이션,공동제공,,K22579
배급사,대장정,,,K23149
투자사,(주)스톰픽쳐스코리아,제공,,K17962
투자사,㈜스카이라이프티브이,공동제공,,K27232
투자사,㈜박스미디어,공동제공,,K27232
투자사,㈜아이에이치큐,공동제공,,K27232
제작사,푸른영상,,,A11125
제작사,이야기秀CUT,,,K20470
제작사,완필름,,,A09043
배급사,콘텐츠 판다,제공,,K21156
제작사,다큐인,,,A11149
배급사,뮤직앤뉴,배급,,K21156
배급사,하트피플,공동제공,,K21156
투자사,빅히트엔터테인먼트,제공,,A09059
제작사,빅히트 엔터테인먼트,,,A09059
제작사,캠프 엔터테인먼트,,,A09059
투자사,백지수표㈜,제공,,K24539
공동제작사,㈜씨엠닉스,,,K24539
공동제작사,㈜스튜디오애니멀,공동 제작,,K22821
공동제작사,㈜브라운몬스터,협력 제작,,K22821
공동제작사,㈜크리에이티브섬,협력 제작,,K22821
배급사,㈜트리플픽쳐스,,,K22821
제작사,㈜써니비주얼,,,K17033
배급사,㈜디오시네마,배급,,K26858
배급사,㈜태양미디어그룹,공동배급,,K26858
투자사,㈜디오시네마,제공,,K26858
투자사,㈜태양미디어그룹,공동제공,,K26858
투자사,㈜올엠커뮤니케이션,공동제공,,K26858
제작사,스토리위즈,기획/제작,,K29141
제작사,바로엔터테인먼트,기획/제작,,K29141
공동제작사,스튜디오셰퍼드,,<오늘의초능력>,K29141
공동제작사,스튜디오 원플러스원,,<1+1>,K29141
공동제작사,디오리지널스,,<장아치청>,K29141
공동제작사,숏펀치,,<장아치청>,K29141
공동제작사,써티세븐스디그리,,<LOVE SICK>,K29141
제작사,한국예술종합학교 영상원 영화과,,,K27470
제작사,한국예술종합학교 영상원 영화과,,,K24383
제작사,한국예술종합학교 영상원 영화과,,,K32581
제작사,한국예술종합학교 영상원 영화과,,,K27396
제작사,한국예술종합학교 영상원 영화과,,,K32584
제작사,에이치 에이케이 프로덕션,,,K22851
제작사,㈜유비네트워크,기획/제작,,K22831
제작사,퍼플웨이브,,,K22831
공동제작사,㈜아이언 스튜디오,,,K15832
투자사,오소호필름,제공,,K22559
투자사,타임와이즈인베스트먼트㈜,공동제공,,K22559
배급사,필름다빈,,,K30074
배급사,㈜영화사 오원,,,K23093
제작사,대구MBC시청자미디어센터,,,A11288
공동제작사,리옌엔터테인먼트,,,K28407
배급사,센트럴파크,,,K16492
제작사,장애인문화공간,,,A11328
제작사,장애인문화공간,,,A11326
제작사,장애인문화공간,,,A11348
투자사,씨제이이앤엠㈜,제공,,K24546
투자사,DGB캐피탈,공동제공,,K24546
투자사,오투저축은행,공동제공,,K24546
투자사,한국카본,공동제공,,K24546
투자사,화인파트너스,공동제공,,K24546
투자사,IBK기업은행,공동제공,,K24546
투자사,트윈플러스파트너스,공동제공,,K24546
투자사,유경PSG자산운용,공동제공,컨시어지4호,K24546
투자사,창조투자자문,공동제공,,K24546
공동제작사,주식회사 프레임 콘텐츠,,,K28923
투자사,(사)한국영화인총연합회,제공,,K29083
제작사,한국예술종합학교 영상원 영화과,,,K32977
제작사,한국예술종합학교 영상원 영화과,,,K15419
제작사,한국예술종합학교 영상원 영화과,,,K20158
제작사,한국예술종합학교 영상원 영화과,,,K20229
제작사,센트럴파크,,,K17173
제작사,한국예술종합학교 영상원 영화과,,,K17173
제작사,한국예술종합학교 영상원 영화과,,,K26015
제작사,한국예술종합학교 영상원 영화과,,,K33002
제작사,한국예술종합학교 영상원 영화과,,,K33003
투자사,영화사당나귀,제공,,K27482
투자사,그림프로젝트,제공,,K27482
제작사,한국예술종합학교 영상원 영화과,,,K33019
제작사,한국예술종합학교 영상원 영화과,,,K21295
제작사,한국예술종합학교 영상원 영화과,,,K20337
제작사,한국예술종합학교 영상원 영화과,,,K33031
제작사,한국예술종합학교 영상원 영화과,,,K33034
투자사,OCN,제공,,K29139
투자사,㈜더드림픽쳐스,제공,,K29139
투자사,롯데쇼핑㈜롯데시네마,공동제공,,K29139
투자사,KT,공동제공,,K29139
투자사,2LFILM,공동제공,,K29139
제작사,한국예술종합학교 영상원 영화과,,,K20208
제작사,한국예술종합학교 영상원 영화과,,,K22266
제작사,한국예술종합학교 영상원 영화과,,,K19022
제작사,한국예술종합학교 영상원 영화과,,,K33035
배급사,트리필름,,,K26843
제작사,트리필름,,,K26843
제작사,비 필름,,,K28736
제작사,팔레스타인평화연대,,,A11387
제작사,㈜인디스토리,,,K30377
투자사,예술의전당,제공,,A09901
투자사,㈜kt seezn,제공,,A10484
배급사,퍼니콘,,,K27517
제작사,㈜하이컨셉픽쳐스,,,K27683
제작사,㈜더그레이트컴퍼니,,,K27683
투자사,㈜더그레이트컴퍼니,,,K27683
배급사,㈜박수엔터테인먼트,,,K27683
공동제작사,해밀픽쳐스,,,A09651
배급사,㈜트리플픽쳐스,배급/마케팅,,A09651
투자사,롯데시네마 아르떼,제공,,A08982
배급사,롯데엔터테인먼트,,,A08982
투자사,동서필름,제작투자,동서대학교,A08410
제작사,영화사 키노㈜,,,A08410
공동제작사,키노비㈜,,,A08410
제작사,씨에스 픽쳐스,,,K29387
제작사,영화사 반딧불,기획/제작,,K20826
투자사,㈜블러썸픽쳐스,제공,,K20826
투자사,kth,공동제공,,K20826
제작사,빅디크루,,,K27191
제작사,㈜하늬바람,,,K27289
배급사,㈜드림팩트엔터테인먼트,,,K27359
투자사,스토리위즈,제공,,K29140
투자사,바로엔터테인먼트,제공,,K29140
투자사,㈜더그레이트 컴퍼니,제공,,K22848
공동제작사,포레스트필름,,,K25198
제작사,한국예술종합학교 영상원 영화과,,,K33020
배급사,이모션 스튜디오,국내/해외 배급,,K28807
제작사,한국예술종합학교 영상원 영화과,,,K19917
제작사,한국예술종합학교 영상원 영화과,,,K29315
제작사,한국예술종합학교 영상원 영화과,,,K20089
투자사,타임와이즈인베스트먼트㈜,공동제공,,K28713
제작사,TPS컴퍼니,,,K24327
제작사,CJ ENM,,,K24327
배급사,CJ ENM,,,K24327
투자사,그린나래미디어㈜,,,K22616
배급사,㈜트리플픽쳐스,배급,,K29130
배급사,㈜질리언뷰,디지털배급,,K29130
제작사,더 핑크퐁 컴퍼니,,,A11001
제작사,CGV ICECON,,,A11001
투자사,시네마엘,제공,,A09673
투자사,메가박스중앙㈜플러스엠,제공,,K24732
투자사,조이앤시네마,제공,,K24606
투자사,㈜슬기로운늑대,공동제공,,K24606
제작사,한국예술종합학교 영상원 영화과,,,K18974
투자사,㈜센트럴투자파트너스,공동 제공,,K24732
투자사,KC벤처스㈜,공동 제공,,K24732
투자사,가이아벤처파트너스(유),공동 제공,,K24732
제작사,한국예술종합학교 영상원 영화과,,,K32607
제작사,한국예술종합학교 영상원 영화과,,,K32706
제작사,한국예술종합학교 영상원 영화과,,,K19401
제작사,한국예술종합학교 영상원 영화과,,,K32713
제작사,한국예술종합학교 영상원 영화과,,,K32732
제작사,한국예술종합학교 영상원 영화과,,,K25995
제작사,한국예술종합학교 영상원 영화과,,,K14700
제작사,한국예술종합학교 영상원 영화과,,,K29872
제작사,한국예술종합학교 영상원 영화과,,,K32823
제작사,한국예술종합학교 영상원 영화과,,,K32825
제작사,머지션 스토어,,,K29130
제작사,한국예술종합학교 영상원 영화과,,,K32846
제작사,한국예술종합학교 영상원 영화과,,,K32853
제작사,한국예술종합학교 영상원 영화과,,,K32854
제작사,한국예술종합학교 영상원,,,K27481
제작사,테이크원스튜디오,,,K27477
배급사,제이앤씨미디어그룹,,,K28791
투자사,스마일픽쳐스,제공,,K28099
배급사,㈜파이브데이,,,K28294
배급사,㈜다날엔터테인먼트,공동배급,,K28294
투자사,영화진흥위원회,제공,,K29094
제작사,(사)한국시니어스타협회,,,K28099
투자사,밀리언달러스튜디오,제작투자,,K17591
제작사,스마일픽쳐스,,,K28099
제작사,시네마테크 충무로,제작지원,,K28099
배급사,스마일픽쳐스,,,K28099
배급사,㈜영화사 조은,배급지원,,K28099
배급사,㈜그노스,,,K28294
투자사,㈜제이엠로드,제공,,K28645
제작사,스토리위즈,기획/제작,,K29140
제작사,바로엔터테인먼트,기획/제작,,K29140
제작사,㈜더타워픽쳐스,,,K22859
제작사,폭스 인터내셔널 프로덕션 코리아,,,K22859
공동제작사,마루아트센터㈜,,,K28645
투자사,채널맥,공동제공,,K28645
배급사,퍼니콘,,,K19123
배급사,CGV ICECON,,,A11001
배급사,㈜스튜디오 보난자,,,K28356
배급사,㈜스튜디오 보난자,,,K22609
공동제작사,UAA,,,K30302
배급사,호우주의보,,,K24603
투자사,㈜키다리스튜디오,제공,,K22106
투자사,㈜스튜디오 디에이치엘,공동제공,,K22106
투자사,캐피탈원㈜,공동제공,,K22106
투자사,가이아벤처파트너스(유),공동제공,,K22106
투자사,㈜이수창업투자,공동제공,,K22106
투자사,KC벤처스㈜,공동제공,,K22106
투자사,쏠레어파트너스(유),공동제공,,K22106
투자사,한국투자파트너스㈜,공동제공,,K22106
투자사,문화체육관광부,투자지원,,K22106
투자사,중소벤처기업부,투자지원,,K22106
투자사,한국벤처투자㈜,투자지원,,K22106
투자사,PARADIGM GLENN PARTNERS,제공,,A10625
투자사,SLE ASSOCIATE LLC,제공,,A10625
제작사,매치박스 유한책임회사,,,K32235
배급사,매치박스 유한책임회사,,,K32236
배급사,퍼니콘,,,K28494
배급사,CJ ENM,,,K28829
제작사,㈜콘텐츠지,,,K28673
제작사,㈜라온컴퍼니플러스,,,K28673
투자사,㈜라온컴퍼니플러스,제공/제작투자,,K28673
공동제작사,㈜빅펀치픽쳐스,,,K28673
공동제작사,㈜미스터아빠,,,K28673
공동제작사,㈜E.M.F,,,K28673
투자사,조이앤시네마,제공,,K27289
투자사,엠스토리,공동제공,,K27289
투자사,㈜하늬바람,공동제공,,K27289
투자사,케이엘 픽쳐스,제공,,K28150
제작사,드림스테이션,,,K28150
배급사,CGV,,,K28477
투자사,CGV,공동제공/공동투자,,K28477
투자사,플레이리스트,공동제공/공동투자,,K28477
배급사,매치박스 유한책임회사,,,K32226
배급사,매치박스 유한책임회사,,,K32227
배급사,매치박스 유한책임회사,,,K30659
배급사,매치박스 유한책임회사,,,K32228
배급사,주식회사 씨엠닉스,,,K28587
제작사,미립자,,,K26823
제작사,출판사 고상석,,,K26823
투자사,㈜콘텐츠판다,제공,,K28742
투자사,영화진흥위원회,제공,,K29112
투자사,㈜스튜디오스카이,공동제공,,K28742
투자사,㈜미래에셋콘텐츠판다 iMBC 콘텐츠 투자조합,공동제공,,K28742
투자사,㈜이수창업투자,공동제공,,K28742
투자사,㈜데이드림엔터테인먼트,공동제공,,K28742
공동제작사,㈜디믹스스튜디오,,,K28742
제작사,㈜그노스,,,K28794
제작사,㈜파이브데이,,,K28794
제작사,꿀잼컴퍼니㈜,,,K28794
투자사,주식회사 시네마틱퍼슨,제공,,A10144
제작사,시네마테크 충무로,,,K30044
투자사,영화진흥위원회,제공,,K15523
투자사,한양제작소,제공,,K26754
투자사,리틀빅픽처스,제공,,K26754
투자사,쿨리지코너인베스트먼트㈜,공동제공,,K26754
투자사,WeTV,공동제공,,K26754
투자사,실크우드,공동제공,,K26754
배급사,어뮤즈,,,K31812
제작사,㈜글로빅엔터테인먼트,,,K28356
배급사,㈜라온컴퍼니플러스,,,K28673
제작사,한국영화아카데미,,,K29082
투자사,영화진흥위원회,제공,,K28777
배급사,㈜그노스,,,K28794
배급사,㈜다날엔터테인먼트,디지털배급,,K28794
배급사,엠라인디스트리뷰션,해외배급,,K28794
공동제작사,㈜엠20,,,K27289
공동제작사,㈜더행복한사람들,,,K27289
투자사,㈜영화사피어나,제공,,K22618
공동제작사,㈜리버픽쳐스,,,K22859
공동제작사,아람엔터테인먼트,,,K22264
공동제작사,파랑ENR,,,K22264
제작사,자유로픽쳐스,,,K23062
투자사,자유로 픽쳐스,제공,,K23062
배급사,매치박스 유한책임회사,,,K32243
배급사,매치박스 유한책임회사,,,K32224
배급사,매치박스 유한책임회사,,,K32237
배급사,매치박스 유한책임회사,,,K32245
배급사,매치박스 유한책임회사,,,K32241
배급사,매치박스 유한책임회사,,,K32246
배급사,씨엠픽쳐스,,,K22233
배급사,주식회사 씨엠닉스,,,K22233
투자사,kth,제공,,K23866
투자사,유니온투자파트너스㈜,공동제공,,K23866
투자사,쏠레어파트너스㈜,공동제공,,K23866
투자사,넷플릭스,,,K23866
배급사,매치박스 유한책임회사,,,K32270
제작사,한국예술종합학교 미디어콘텐츠센터,,,K29200
제작사,한국예술종합학교 미디어콘텐츠센터,,,K29201
배급사,리틀빅픽처스,,,K21682
배급사,씨네소파,배급협력,,K21682
투자사,영화진흥위원회,제공,,K29082
배급사,㈜박수 엔터테인먼트,,,K22618
배급사,㈜화인컷,해외배급,,K21682
배급사,영화진흥위원회,배급지원,,K21682
배급사,경기콘텐츠진흥원,배급지원,,K21682
배급사,경기영상위원회,배급지원,,K21682
배급사,부산 창조경제혁신센터,배급지원,,K21682
제작사,한국예술종합학교 영상원 영화과,,,K32341
제작사,한국예술종합학교 영상원 영화과,,,K32343
제작사,한국예술종합학교 영상원 영화과,,,K32344
배급사,㈜인디스토리,제공배급,,K28773
배급사,kt alpha,디지털 배급,,K28773
제작사,한국예술종합학교 영상원 영화과,,,K32475
제작사,한국예술종합학교 영상원 영화과,,,K32480
제작사,한국예술종합학교 영상원 영화과,,,K32482
제작사,한국예술종합학교 영상원 영화과,,,K32483
제작사,한국예술종합학교 영상원 영화과,,,K32486
제작사,한국예술종합학교 영상원 영화과,,,K32491
제작사,한국예술종합학교 영상원 영화과,,,K14392
제작사,㈜키다리스튜디오,,,K28666
제작사,㈜ATA,,,K28666
제작사,㈜이모션스튜디오,,,K28666
제작사,한국예술종합학교 영상원 영화과,,,K13887
제작사,한국예술종합학교 영상원 영화과,,,K32561
투자사,㈜라이크콘텐츠,제공,,A10877
제작사,한국예술종합학교 영상원 영화과,,,K32740
제작사,한국예술종합학교 영상원 영화과,,,K27222
제작사,한국예술종합학교 영상원 영화과,,,K32745
투자사,TCO㈜더콘텐츠온,제공,,K28743
제작사,한국예술종합학교 영상원 영화과,,,K26904
투자사,미시간벤처캐피탈㈜,제공,,K28743
투자사,쏠레어파트너스(유),공동제공,,K28743
투자사,캐피탈원㈜,공동제공,,K28743
투자사,㈜이수창업투자,공동제공,,K28743
투자사,문화체육관광부,투자지원,,K28743
투자사,중소기업벤처부,투자지원,,K28743
투자사,한국벤처투자,투자지원,,K28743
제작사,한국예술종합학교 영상원 영화과,,,K32346
제작사,한국예술종합학교 영상원 영화과,,,K27550
제작사,㈜마스터원엔터테인먼트,,,K28743
제작사,영화진흥위원회,제작지원,,K21682
제작사,경기콘텐츠진흥원,제작지원,,K21682
투자사,준필름,제공,,K21682
투자사,리틀빅픽처스,공동제공,,K21682
제작사,준필름,,,K21682
제작사,경기영상위원회,제작지원,,K21682
배급사,㈜컨택트미디어,,,K28978
배급사,㈜케이무비엔터테인먼트,해외배급,,K28978
투자사,㈜엣나인필름,제공,,A10697
제작사,㈜디씨지플러스,,,K16341
제작사,㈜엔에이치씨미디어,,,K16341
제작사,한국콘텐츠진흥원,제작지원,,K16341
투자사,㈜콘텐츠판다,제공,,K16341
투자사,㈜아이엠비씨,공동제공,,K16341
제작사,경기디지털콘텐츠아카데미,,,K31693
제작사,계원조형예술대학,,,K31697
제작사,㈜씨맥스커뮤니케이션즈,,,K28815
제작사,허니몽TV,,,K28815
투자사,CJ ENM,제공,,K22126
투자사,미시간벤처캐피탈㈜,공동제공,,K22126
투자사,쏠레어파트너스(유),공동제공,,K22126
투자사,㈜이수창업투자,공동제공,,K22126
투자사,로간벤처스(유),공동제공,,K22126
투자사,가이아벤처파트너스(유),공동제공,,K22126
투자사,쿨리지코너인베스트먼트㈜,공동제공,,K22126
투자사,씨제이 씨지브이㈜,공동제공,,K22126
배급사,주식회사 블루필름웍스,,,K28734
제작사,㈜콘텐츠오션,,,K28340
제작사,㈜컨택트미디어,,,K28340
배급사,센트럴파크,,,K29311
배급사,센트럴파크,,,K29318
배급사,센트럴파크,,,K29375
배급사,메가박스중앙㈜플러스엠,투자배급,,A08253
배급사,센트럴파크,,,K29358
투자사,스마일 픽쳐스,제공,,K30044
배급사,매치박스 유한책임회사,,,K32277
제작사,매치박스 유한책임회사,,,K32277
제작사,㈜빅픽처,,,K28587
제작사,주마등필름,,,K28773
제작사,한국예술종합학교 영상원 영화과,,,K32455
제작사,한국예술종합학교 영상원 영화과,,,K32456
제작사,한국예술종합학교 영상원 영화과,,,K32457
제작사,맥스프로,,,K30928
제작사,한국예술종합학교 영상원 영화과,,,K12723
제작사,한국예술종합학교 영상원 영화과,,,K32513
제작사,한국예술종합학교 영상원 영화과,,,K14371
제작사,34 film,,,K30021
제작사,한국예술종합학교 영상원 영화과,,,K22916
제작사,한국예술종합학교 영상원 영화과,,,K32543
제작사,한국예술종합학교 영상원 영화과,,,K32546
제작사,한국예술종합학교 영상원 영화과,,,K32547
제작사,한국예술종합학교 영상원 영화과,,,K32570
제작사,한국예술종합학교 영상원 영화과,,,K32572
제작사,한국예술종합학교 영상원 영화과,,,K32574
제작사,한국예술종합학교 영상원 영화과,,,K24382
제작사,한국예술종합학교 영상원 영화과,,,K32595
제작사,㈜다다쇼,,,K20897
투자사,CGV ScreenX,제공,,K20897
제작사,㈜고집스튜디오,,,K28931
투자사,유니온투자파트너스㈜,공동제공,,K20897
제작사,뉴에이지필름,,,K30924
투자사,폭스 인터내셔널 프로덕션 코리아,제공,,K22859
제작사,한국예술종합학교 영상원 영화과,,,K32526
제작사,한국예술종합학교 영상원 영화과,,,K32534
제작사,한국예술종합학교 영상원 영화과,,,K32536
제작사,한국예술종합학교 영상원 영화과,,,K32539
제작사,한국예술종합학교 영상원 영화과,,,K32540
제작사,한국예술종합학교 영상원 영화과,,,K32541
제작사,한국예술종합학교 영상원 영화과,,,K32542
제작사,한국예술종합학교 영상원 영화과,,,K19311
제작사,한국예술종합학교 영상원 영화과,,,K32544
제작사,한국예술종합학교 영상원 영화과,,,K32549
제작사,한국예술종합학교 영상원 영화과,,,K32550
제작사,한국예술종합학교 영상원 영화과,,,K20517
제작사,한국예술종합학교 영상원 영화과,,,K13149
제작사,한국예술종합학교 영상원 영화과,,,K32554
제작사,한국예술종합학교 영상원 영화과,,,K14486
제작사,한국예술종합학교 영상원 영화과,,,K32603
제작사,한국예술종합학교 영상원 영화과,,,K32604
제작사,한국예술종합학교 영상원 영화과,,,K32605
제작사,한국예술종합학교 영상원 영화과,,,K28459
제작사,한국예술종합학교 영상원 영화과,,,K32642
제작사,한국예술종합학교 영상원 영화과,,,K32651
제작사,한국예술종합학교 영상원 영화과,,,K32746
제작사,한국예술종합학교 영상원 영화과,,,K26507
제작사,켈빈클레인프로젝트,,,A10954
제작사,한국예술종합학교 영상원 영화과,,,K32748
배급사,필름다빈,,,K29508
배급사,필름다빈,,,K29506
투자사,영화진흥위원회,제공,,K21473
제작사,(주)고집스튜디오,,,K25591
배급사,㈜미로비젼,World sales,,A04015
제작사,엠씨엠씨 스튜디오스카이,,,K24492
배급사,㈜스톰픽쳐스코리아,배급,,K22579
배급사,와이드릴리즈㈜,공동배급,,K22579
배급사,㈜인디스토리,,,K29654
제작사,한양대학교,,,K29654
제작사,사랑하자,,,K27409
배급사,필름다빈,,,K27409
공동제작사,씨네마로 엔터테인먼트,,,A10520
제작사,다큐인,,,A11094
제작사,한국예술종합학교 영상원,,,K29806
제작사,㈜콘텐츠윙,,,K28381
배급사,㈜엣나인필름,배급,,A09324
배급사,타스코프스키 필름,해외배급,,A09324
제작사,한국예술종합학교 영상원,,,K29906
제작사,㈜그노스,,,K22373
제작사,꿀잼컴퍼니㈜,,,K22373
투자사,㈜에스에스애니멘트,제공,,K22821
투자사,KTH,제공,,K22373
제작사,㈜로드하우스,,,K22373
배급사,㈜파이브데이,,,K22373
공동제작사,MOCKINGBIRD PICTURES,Associated Producers,,K22055
배급사,필름다빈,국내배급,,K23117
배급사,M-Line Distribution,해외배급,,K23117
배급사,블루 필름 웍스,,,K28650
제작사,㈜나인테일즈 코리아,,,K28650
제작사,김시우필름,,,K28650
제작사,㈜바이어스이엔티,,,K28594
제작사,유어매니아스튜디오,,,K29085
제작사,(주)하이씨씨,,,K29085
배급사,매치박스 유한책임회사,,,K32221
제작사,장애여성문화공동체 '끼판',,,A11383
배급사,매치박스 유한책임회사,,,K32229
배급사,매치박스 유한책임회사,,,K32230
제작사,한국예술종합학교 영상원 영화과,,,K32589
제작사,한국예술종합학교 영상원 영화과,,,K19408
제작사,주기자유한회사,,,A09737
제작사,한국예술종합학교 영상원 영화과,,,K32620
제작사,한국예술종합학교 영상원 영화과,,,K32621
제작사,한국예술종합학교 영상원 영화과,,,K32622
제작사,한국예술종합학교 영상원 영화과,,,K32636
제작사,한국예술종합학교 영상원 영화과,,,K32646
제작사,한국예술종합학교 영상원 영화과,,,K32663
제작사,한국예술종합학교 영상원 영화과,,,A08371
제작사,㈜씨네포트,기획/제작,,A10868
제작사,한국예술종합학교 영상원 영화과,,,K28504
제작사,한국예술종합학교 영상원 영화과,,,K14276
제작사,한국예술종합학교 영상원 영화과,,,K18646
제작사,한국예술종합학교 영상원 영화과,,,A12157
제작사,한국예술종합학교 영상원 영화과,,,K30056
제작사,한국예술종합학교 영상원 영화과,,,K27223
제작사,한국예술종합학교 영상원 영화과,,,K14370
제작사,한국예술종합학교 영상원 영화과,,,K32782
제작사,GTG 픽쳐스,,,A10983
배급사,GTG 픽쳐스,,,A10983
배급사,와이드릴리즈㈜,,,A10983
제작사,㈜스태프이데아,,,K27359
제작사,오지필름,기획/제작,,A08354
제작사,서울방송고등학교,,,K29969
제작사,동명고등학교,,,K30010
제작사,서울방송고등학교 영상콘텐츠제작반 해시택,,,K30001
투자사,㈜퍼플스트로우필름,제공,,K23093
배급사,예술의전당,,,A08983
배급사,시네소파,,,K17953
투자사,㈜케이앤투자파트너스,제공,,K23093
공동제작사,서울시시설장애인자립생활지원 네트워크,,,A11290
배급사,장산시네마,,,K22934
제작사,다큐인,,,A11291
배급사,㈜인디스토리,배급,,K24536
배급사,M-Line Distribution,해외배급,,K24536
배급사,시네마 뉴원,,,K23909
제작사,성북장애인자립생활센터,,,A11308
배급사,㈜씨엠닉스,,,A10545
제작사,한국예술종합학교 영상원 영화과,,,K22208
제작사,참세상,,,A11245
제작사,한국예술종합학교 영상원 영화과,,,K25724
제작사,한국예술종합학교 영상원 영화과,,,K19223
제작사,한국예술종합학교 영상원 영화과,,,K32771
제작사,한국예술종합학교 영상원 영화과,,,K32773
제작사,한국예술종합학교 영상원 영화과,,,K25772
제작사,한국예술종합학교 영상원 영화과,,,K32781
제작사,한국예술종합학교 영상원 영화과,,,K26798
제작사,한국예술종합학교 영상원 영화과,,,K28237
제작사,㈜크리허브,,,K29656
제작사,한국예술종합학교 영상원 영화과,,,K26939
제작사,한국예술종합학교 영상원 영화과,,,K24379
제작사,한국예술종합학교 영상원 영화과,,,K24388
배급사,씨엠닉스,,,K29656
제작사,한국예술종합학교 영상원 영화과,,,K32924
제작사,한국예술종합학교 영상원 영화과,,,K25996
제작사,한국예술종합학교 영상원 영화과,,,K15516
제작사,한국예술종합학교 영상원 영화과,,,K32936
제작사,한국예술종합학교 영상원 영화과,,,K32949
제작사,한국예술종합학교 영상원 영화과,,,K32951
제작사,한국예술종합학교 영상원 영화과,,,K27266
제작사,한국예술종합학교 영상원 영화과,,,K26019
제작사,한국예술종합학교 영상원 영화과,,,K19970
제작사,한국예술종합학교 영상원 영화과,,,K16488
제작사,한국예술종합학교 영상원 영화과,,,K32960
제작사,한국예술종합학교 영상원 영화과,,,K32961
제작사,㈜리필름,,,K23364
투자사,㈜바이어스이엔티,제공,,K28594
제작사,한국예술종합학교 영상원 영화과,,,K27182
제작사,한국예술종합학교 영상원 영화과,,,K32416
제작사,한국예술종합학교 영상원 영화과,,,K32415
제작사,한국예술종합학교 영상원 영화과,,,K32418
제작사,한국예술종합학교 영상원 영화과,,,K32419
제작사,한국예술종합학교 영상원 영화과,,,K30611
제작사,한국예술종합학교 영상원 영화과,,,K32422
제작사,한국예술종합학교 영상원 영화과,,,K32423
투자사,㈜디스테이션,제공,,K28827
투자사,㈜엔케이컨텐츠,공동제공,,K28827
투자사,㈜디엔디라인,공동제공,,K28827
투자사,㈜라온제나엔터테인먼트,공동제공,,K28827
제작사,한국예술종합학교 영상원 영화과,,,K30351
제작사,한국예술종합학교 영상원 영화과,,,K12799
제작사,한국예술종합학교 영상원 영화과,,,K32443
제작사,한국예술종합학교 영상원 영화과,,,K12722
제작사,한국예술종합학교 영상원 영화과,,,K12566
제작사,한국예술종합학교 영상원 영화과,,,K24851
제작사,한국예술종합학교 영상원 영화과,,,K32484
제작사,한국예술종합학교 영상원 영화과,,,K32488
제작사,한국예술종합학교 영상원 영화과,,,K32489
제작사,한국예술종합학교 영상원 영화과,,,K32490
제작사,한국예술종합학교 영상원 영화과,,,K30353
제작사,공연창작소 M.A.P,공연 제작,,A09746
제작사,한국문화예술위원회,주최,,A09746
제작사,연두픽처스,영상 제작,,A09746
제작사,씨네포트,,,A09224
제작사,함께하는 세상,,,K30268
제작사,장애인문화공간,,,A11335
투자사,넷플릭스,,,K30302
배급사,와이드릴리즈㈜,국내배급,,K26617
제작사,PILOTUBE,제작/기획,,A10500
배급사,㈜디팟,해외배급,,K26617
배급사,미로비젼,해외배급,,K26617
공동제작사,씨제이이앤엠㈜,,,K24546
공동제작사,스튜디오 드래곤,,,K24546
공동제작사,키이스트,,,K24546
제작사,㈜인디스토리,,,K30370
제작사,한국예술종합학교 영상원 영화과,,,K20323
배급사,㈜인디스토리,,,K29319
제작사,한국예술종합학교 영상원 영화과,,,K32795
제작사,한국예술종합학교 영상원 영화과,,,K26928
제작사,㈜ 위드삼삼뮤직,,,A11025
제작사,씨제이 씨지브이㈜,,,A11025
배급사,씨제이 씨지브이㈜,,,A11025
제작사,한국예술종합학교 영상원 영화과,,,K32821
제작사,한국예술종합학교 영상원 영화과,,,K20335
제작사,한국예술종합학교 영상원 영화과,,,K32851
제작사,한국예술종합학교 영상원 영화과,,,K29401
제작사,한국예술종합학교 영상원 영화과,,,K32983
제작사,한국예술종합학교 영상원 영화과,,,K20410
제작사,한국예술종합학교 영상원 영화과,,,K20330
제작사,한국예술종합학교 영상원 영화과,,,K20290
배급사,아이 엠,,,K24077
제작사,㈜루스이소니도스,,,K28923
투자사,㈜인디스토리,,제공,A10114
투자사,귀정 2021 준비위원회,,제공,A10114
제작사,㈜지산크리에이티브스,,,K27996
제작사,삼복프로덕션,제작부,,K27996
배급사,매치박스 유한책임회사,,,K32280
제작사,한국예술종합학교 영상원 영화과,,,K32493
제작사,한국예술종합학교 영상원 영화과,,,K32498
제작사,닻프로덕션,,,A12006
제작사,㈜디오시네마,,,A12006
제작사,한국예술종합학교 영상원 영화과,,,K18885
제작사,한국예술종합학교 영상원 영화과,,,K32511
제작사,한국예술종합학교 영상원 영화과,,,K13284
제작사,한국예술종합학교 영상원 영화과,,,K20471
배급사,㈜ATA,,,K28666
배급사,㈜이모션스튜디오,해외배급,,K28666
제작사,한국예술종합학교 영상원 영화과,,,K32514
제작사,한국예술종합학교 영상원 영화과,,,K13300
제작사,한국예술종합학교 영상원 영화과,,,K32515
제작사,한국예술종합학교 영상원 영화과,,,K32516
제작사,한국예술종합학교 영상원 영화과,,,K32527
투자사,㈜키다리스튜디오,제공,,K28666
투자사,㈜ATA,제공,,K28666
투자사,㈜이모션스튜디오,제공,,K28666
투자사,로간 벤처스,제작투자,,K28666
배급사,㈜키다리스튜디오,국내배급,,K28666
제작사,한국예술종합학교 영상원 영화과,,,K32528
제작사,한국예술종합학교 영상원 영화과,,,K32529
제작사,한국예술종합학교 영상원 영화과,,,K32530
제작사,한국예술종합학교 영상원 영화과,,,K32538
제작사,한국예술종합학교 영상원 영화과,,,K32545
제작사,한국예술종합학교 영상원 영화과,,,K32552
제작사,한국예술종합학교 영상원 영화과,,,K28282
제작사,한국예술종합학교 영상원 영화과,,,K32993
제작사,한국예술종합학교 영상원 영화과,,,K32999
제작사,한국예술종합학교 영상원 영화과,,,K20332
배급사,센트럴파크,,,K29336
배급사,㈜인디스토리,,,K29577
배급사,㈜스튜디오산타클로스,배급,,K23729
배급사,㈜아센디오,공동배급,,K23729
배급사,㈜제이앤씨미디어그룹,공동배급,,K23729
제작사,블루버드픽처스,,,A09324
제작사,㈜에스에스애니멘트,제작,,K22821
투자사,㈜콘텐츠판다,공동제공,,K24932
투자사,㈜케이필름,제공,,K24932
배급사,디스테이션,,,K24424
투자사,포천시,공동제공,,K24424
투자사,KBS미디어,공동제공,,A10098
제작사,지오필름,,,K30014
제작사,㈜리필름,,,K25023
제작사,영화사키노㈜,,,A08409
공동제작사,키노비㈜,,,A08409
제작사,장애인차별금지추진연대,,,A11240
제작사,㈜제이메이드이엔티,,,A10143
투자사,㈜깜보 스튜디오,제공,,K22362
배급사,스토리 너머,,,A06559
배급사,아이 엠,,,A06559
배급사,서울영상위원회,창작공간지원,,A06559
투자사,영화사 아람㈜,제공,,K22661
제작사,너른마당,,,A11275
제작사,장애인문화예술 판,,,K30112
제작사,㈜리필름,,,K23045
제작사,천안시영상미디어센터,,,A11302
제작사,㈜고래픽처스,,,K22106
배급사,㈜스튜디오 디에이치엘,배급,,K22106
배급사,㈜키다리스튜디오,공동배급,,K22106
배급사,㈜화인컷,해외배급,,K22106
배급사,㈜콘텐츠판다,,,K28407
제작사,새봄프로젝트,,,A11304
제작사,한 마음의 집,,,K27517
배급사,㈜케이티알파,,,K29141
배급사,㈜스토리위즈,,,K29141
배급사,㈜케이티알파,,,K29140
배급사,㈜스토리위즈,,,K29140
제작사,㈜펠리스,,,K23451
제작사,㈜클라임 매니지먼트,,,K28518
배급사,퓨어웨이픽쳐스,,,A11038
제작사,사단법인 625국군포로 가족회,,,A09830
제작사,블루오션기획,제작주관,,A09830
제작사,퓨어웨이픽쳐스,,,A11038
제작사,KBS,,,A11024
제작사,스튜디오HIM,,,A11024
투자사,드림팩트엔터테인먼트,제공,,A11024
배급사,드림팩트엔터테인먼트,,,A11024
배급사,㈜콘텐츠판다,,,K28742
배급사,씨제이 씨지브이㈜,배급,,K22126
제작사,한국예술종합학교 영상원,,,K29281
제작사,드림채널,,,A10955
제작사,영화사무명,,,A10826
배급사,영화사무명,,,A10826
배급사,㈜콘텐츠판다,,,K28518
배급사,센트럴파크,,,K29378
배급사,센트럴파크,,,K29381
배급사,호우주의보,,,K29435
배급사,호우주의보,,,K29437
제작사,한국예술종합학교 영상원,,,K29318
제작사,한국예술종합학교 영상원,,,K29314
제작사,한국예술종합학교 영상원,,,K29377
배급사,호우주의보,,,K29440
배급사,호우주의보,,,K29441
배급사,센트럴파크,,,K29403
투자사,㈜손바닥미디어,제공,,A09883
투자사,합동영화㈜서울극장,제공,,A09883
투자사,주식회사 넥스기술,제공,,A09883
투자사,㈜영화사 진진,공동제공,,A09883
배급사,㈜이놀미디어,,,A10651
제작사,하트피플,,,K21156
제작사,라라픽쳐스,,,K21156
배급사,월트 디즈니 컴퍼니 코리아,국내배급,,A09059
배급사,시네마 뉴원,,,K28150
제작사,저지브라더,,,K22695
배급사,어뮤즈,,,K22695
배급사,(주)오죤필름,,,K27480
제작사,브릿지프로덕션,,,K28713
제작사,냉이영화,,,K28713
배급사,영화배급협동조합 씨네소파,배급,,K28713
배급사,냉이영화,배급,,K28713
배급사,㈜인디스토리,해외배급,,K28713
배급사,㈜화인컷,해외배급,,K22126
제작사,영화사 반딧불,,,K24424
투자사,울림엔터테인먼트,,,K17033
제작사,한국예술종합학교 영상원,,,K29922
제작사,㈜케이필름,기획/제작,,K24932
제작사,한국예술종합학교 영상원,,,K29921
제작사,한국예술종합학교 영상원,,,K29923
제작사,㈜아시아무비,,,K24754
제작사,한국예술종합학교 영상원 영화과,,,K32591
제작사,한국예술종합학교 영상원 영화과,,,K13959
제작사,한국예술종합학교 영상원 영화과,,,K32592
제작사,한국예술종합학교 영상원 영화과,,,K15699
제작사,한국예술종합학교 영상원 영화과,,,K32601
제작사,한국예술종합학교 영상원 영화과,,,K32602
제작사,한국예술종합학교 영상원 영화과,,,K16319
제작사,한국예술종합학교 영상원 영화과,,,K32656
배급사,블루필름웍스,,,A09736
배급사,영화사메이플러스,,,A09736
제작사,한국예술종합학교 영상원 영화과,,,K15255
제작사,한국예술종합학교 영상원 영화과,,,K27227
제작사,한국예술종합학교 영상원 영화과,,,K32696
제작사,한국예술종합학교 영상원 영화과,,,K30619
제작사,한국예술종합학교 영상원 영화과,,,K32711
제작사,한국예술종합학교 영상원 영화과,,,K23074
제작사,한국예술종합학교 영상원 영화과,,,K32712
제작사,한국예술종합학교 영상원 영화과,,,K27425
제작사,한국예술종합학교 영상원 영화과,,,K32768
제작사,한국예술종합학교 영상원 영화과,,,K32718
제작사,한국예술종합학교 영상원 영화과,,,K30633
제작사,한국예술종합학교 영상원 영화과,,,K32750
제작사,한국예술종합학교 영상원 영화과,,,K32751
제작사,미학인우주선,,,A10888
투자사,영화진흥위원회,제공,,K28512
제작사,한국예술종합학교 영상원 영화과,,,K32763
제작사,한국예술종합학교 영상원 영화과,,,K15046
제작사,한국예술종합학교 영상원 영화과,,,K21291
제작사,한국예술종합학교 영상원 영화과,,,K24867
제작사,한국예술종합학교 영상원 영화과,,,K32793
제작사,한국예술종합학교 영상원 영화과,,,K32794
제작사,한국예술종합학교 영상원 영화과,,,K32799
배급사,필름다빈,,,K22264
배급사,키노미디어,배급,,A08409
투자사,동서대학교 동서필름,제작투자,,A08409
배급사,영화사 마그나,국내배급,,A08409
배급사,M-Line Distribution,해외배급,,A08409
제작사,대구청각언어장애인복지관,,,A11251
제작사,광주시청자미디어센터,,,A11236
제작사,서울장애인인권영화제,,,A11133
제작사,(준)대구장애인차별철폐연대,,,A11233
제작사,대구사람장애인자립생활센터,,,A11233
제작사,사)강원장애인자립생활센터협의회,,,A11232
제작사,강릉장애인자립생활센터,,,A11268
제작사,큐앤에이 필름,,,K30098
제작사,한마음의 집,,,K30115
제작사,마포장애인종합복지관,,,K30170
제작사,트릴로지,,,K30184
제작사,루픽쳐스,,,K28407
제작사,㈜해오름이앤티,,,K23909
제작사,전주시민미디어센터 영시미,,,A11311
제작사,리치컴,,,A10069
제작사,서울여고 특수학급,,,A11345
제작사,다큐인,,,A11343
제작사,한국뇌병변장애인인권협회 강릉지부,,,A11344
제작사,㈜지티지 그룹,,,K26617
제작사,다큐인,,,A11356
제작사,빈곤해결을위한사회연대(준),,,A11357
공동제작사,최옥란열사추모사업회,,,A11357
제작사,다큐인,,,A11358
제작사,다큐인,,,A11359
제작사,장애인교육연대,,,A11361
제작사,노동의 소리,,,A11372
제작사,㈜다크서클픽쳐스,,,K23110
제작사,한국예술종합학교 영상원 영화과,,,K25598
투자사,㈜루스이소니도스,공동제공,,K28923
투자사,주식회사 위지윅 스튜디오,공동제공,,K28923
제작사,한국예술종합학교 영상원 영화과,,,K20948
배급사,㈜인디스토리,,,K30004
공동제작사,알고리즘 미디어 랩,,,K28869
공동제작사,콘텐츠파크 엔터테인먼트,,,K28869
제작사,주식회사 티에스나린시네마,기획/제작,,K28869
제작사,한국예술종합학교 영상원 영화과,,,K26964
배급사,주식회사 엔픽플,,,K28869
배급사,트윈플러스파트너스㈜,공동배급,,K28869
배급사,㈜화인컷,해외배급,,K28869
제작사,한국예술종합학교 영상원 영화과,,,K32953
제작사,센트럴파크,,,K18346
제작사,한국예술종합학교 영상원 영화과,,,K18346
제작사,한국예술종합학교 영상원 영화과,,,K32954
제작사,한국예술종합학교 영상원 영화과,,,K20065
제작사,한국예술종합학교 영상원 영화과,,,K32955
제작사,한국예술종합학교 영상원 영화과,,,K32956
제작사,한국예술종합학교 영상원 영화과,,,K32958
제작사,한국예술종합학교 영상원 영화과,,,K32959
제작사,한국예술종합학교 영상원 영화과,,,K28240
제작사,한국예술종합학교 영상원 영화과,,,K32967
제작사,(사)한국영화인총연합회 포항지부,,제1화 친구야 청산가자,K29083
제작사,㈜휴먼글로벌 비즈니스,,제2화 헬로우시스터즈/제3화 화창한 봄날에,K29083
제작사,드림스케치,,,K29083
제작사,한국예술종합학교 영상원 영화과,,,K28225
제작사,한국예술종합학교 영상원 영화과,,,K29765
제작사,한국예술종합학교 영상원 영화과,,,K32997
제작사,한국예술종합학교 영상원 영화과,,,K32998
제작사,㈜그노스,,,K28294
제작사,㈜파이브데이,,,K28294
제작사,꿀잼컴퍼니㈜,,,K28294
제작사,한국영화아카데미,,,K28512
제작사,㈜그노스,,,K23026
제작사,꿀잼컴퍼니㈜,,,K23026
투자사,㈜흑기사필름,제공,,K21143
제작사,㈜인디스토리,,,K30570
배급사,씨제이 씨지브이㈜,,,K20897
배급사,CGV 아트하우스,,,K20897
투자사,국립현대미술관,제공,,A09419
투자사,원픽쳐스,제공,,K27379
투자사,법률사무소 지본,공동제공,,K27379
투자사,에이치제이이앤텍㈜,공동제공,,K27379
투자사,㈜더문,공동제공,,K27379
투자사,한양대학교 87학번 동기회,공동제공,,K27379
배급사,그린나래미디어㈜,,,K22616
투자사,인터파크,제공,,A10955
투자사,㈜아크메,공동제공,,A10955
제작사,아이 엠,,,K24077
투자사,㈜솔빛정보,,,K23371
투자사,퀸 & 인스타일,,,K23371
투자사,대한역사문화원,제공,,A11038
투자사,㈜NEW,제공,,K21582
투자사,Library Pictures International,공동제공,,K21582
투자사,㈜레오파트너스인베스트먼트,공동제공,,K21582
투자사,유니온투자파트너스㈜,공동제공,,K21582
투자사,지온인베스트먼트㈜,공동제공,,K21582
투자사,캐피탈원㈜,공동제공,,K21582
투자사,㈜이수창업투자,공동제공,,K21582
투자사,케이씨벤처스㈜,공동제공,,K21582
투자사,가이아벤처파트너스(유),공동제공,,K21582
투자사,에이스투자금융㈜,공동제공,,K21582
투자사,디티알파트너스㈜,공동제공,,K21582
투자사,쏠레어파트너스(유),공동제공,,K21582
투자사,문화체육관광부,투자지원,,K21582
투자사,중소벤처기업부,투자지원,,K21582
투자사,한국벤처투자㈜,투자지원,,K21582
제작사,㈜MCMC,,,K28742
배급사,매치박스 유한책임회사,,,K32223
제작사,한국예술종합학교 영상원 영화과,,,K32446
제작사,한국예술종합학교 영상원 영화과,,,K32512
제작사,한국예술종합학교 영상원 영화과,,,K32520
제작사,한국예술종합학교 영상원 영화과,,,K32521
제작사,한국예술종합학교 영상원 영화과,,,K32522
제작사,한국예술종합학교 영상원 영화과,,,K32523
제작사,한국예술종합학교 영상원 영화과,,,K32524
제작사,한국예술종합학교 영상원 영화과,,,K17588
제작사,한국예술종합학교 영상원 영화과,,,K32599
투자사,피카소건설,제공,,A09736
투자사,석미요양원,제공,,A09736
투자사,아이밍코리아,제공,,A09736
제작사,한국예술종합학교 영상원 영화과,,,K32611
제작사,한국예술종합학교 영상원 영화과,,,K18144
제작사,한국예술종합학교 영상원 영화과,,,K14339
제작사,한국예술종합학교 영상원 영화과,,,K32659
제작사,한국예술종합학교 영상원 영화과,,,K26808
제작사,한국예술종합학교 영상원 영화과,,,K32664
배급사,스튜디오 보난자,,,A09995
배급사,㈜씨네포트,배급총괄,,A10868
배급사,주식회사 블루필름웍스,공동배급,,A10868
제작사,한국예술종합학교 영상원 영화과,,,K32702
제작사,한국예술종합학교 영상원 영화과,,,K32709
제작사,한국영화아카데미,,,K29094
투자사,스토리위즈,제공,,K29141
투자사,바로엔터테인먼트,제공,,K29141
투자사,투비원 디자인,제작투자,,K28979
배급사,THE 픽쳐스,배급,,K23062
배급사,드림팩트엔터테인먼트,공동배급,,K23062
배급사,자유로픽쳐스,공동배급,,K23062
투자사,에이블 플러스,제작투자,,K28979
투자사,메가박스중앙㈜플러스엠,제공,,K22103
투자사,㈜제이콘텐트리,공동제공,,K22103
투자사,㈜미디어로그,공동제공,,K22103
투자사,㈜레오파트너스인베스트먼트,공동제공,,K22103
투자사,㈜이수창업투자,공동제공,,K22103
투자사,KC벤처스㈜,공동제공,,K22103
제작사,한국예술종합학교 영상원 영화과,,,K32614
제작사,한국예술종합학교 영상원 영화과,,,K25733
투자사,가이아벤처파트너스(유),공동제공,,K22103
투자사,한국투자파트너스㈜,공동제공,,K22103
투자사,쏠레어파트너스(유),공동제공,,K22103
투자사,㈜센트럴투자파트너스,공동제공,,K22103
투자사,미시간벤처캐피탈㈜,공동제공,,K22103
투자사,문화체육관광부,투자지원,,K22103
투자사,중소벤처기업부,투자지원,,K22103
투자사,한국벤처투자㈜,투자지원,,K22103
제작사,한국예술종합학교 영상원 영화과,,,K32830
제작사,한국예술종합학교 영상원 영화과,,,K17306
제작사,한국예술종합학교 영상원 영화과,,,K20580
제작사,한국예술종합학교 영상원 영화과,,,K32847
제작사,한국예술종합학교 영상원 영화과,,,K32848
제작사,한국예술종합학교 영상원 영화과,,,K32849
제작사,한국예술종합학교 영상원 영화과,,,K32850
제작사,한국예술종합학교 영상원 영화과,,,K26591
투자사,영화진흥위원회,제공,,K28779
배급사,㈜더쿱디스트리뷰션,,,K28779
배급사,㈜스튜디오보난자,해외배급,,K28779
투자사,스토리위즈,공동기획/투자,,K27477
투자사,테이크원스튜디오,공동기획/투자,,K27477
배급사,(주)에이스메이커무비웍스,배급,,K23046
배급사,㈜화인컷,해외배급,,K23046
배급사,㈜더픽쳐스,,,K17591
배급사,㈜다날,,,K17591
배급사,㈜언더식스티,,,K17591
투자사,조이앤 시네마,제공,,K28781
제작사,㈜리필름,,,K28781
투자사,SB 인베스트먼트,제공,,K27480
제작사,한국예술종합학교 영상원 영화과,,,K27441
배급사,매치박스 유한책임회사,,,K32231
제작사,한국예술종합학교 영상원 영화과,,,K32553
제작사,한국예술종합학교 영상원 영화과,,,K13365
제작사,한국예술종합학교 영상원 영화과,,,K13280
제작사,한국예술종합학교 영상원 영화과,,,K19187
제작사,한국예술종합학교 영상원 영화과,,,K23344
제작사,한국예술종합학교 영상원 영화과,,,K20411
제작사,한국예술종합학교 영상원 영화과,,,K32728
제작사,한국예술종합학교 영상원 영화과,,,K32744
제작사,한국예술종합학교 영상원 영화과,,,K32770
제작사,한국예술종합학교 영상원 영화과,,,K22890
제작사,한국예술종합학교 영상원 영화과,,,K32772
제작사,㈜스토리풀,,,K22548
제작사,㈜컨텐츠빌리지,,,K22548
제작사,㈜제이엠로드,,,K28645
배급사,㈜코끼리말뚝박기,,,K28645
제작사,Sunday Cinema,,,K23923
배급사,TCO㈜더콘텐츠온,배급,,K28743
배급사,씨제이 씨지브이㈜,공동배급,,K28743
공동제작사,영화사당나귀,,,K27482
공동제작사,TCO㈜더콘텐츠온,,,K28743
공동제작사,마이스토리 이엔티,,,K28743
공동제작사,㈜플랫폼미디어그룹,,,K28743
제작사,한국예술종합학교 영상원 영화과,,,K27181
제작사,한국예술종합학교 영상원 영화과,,,K32598
제작사,한국예술종합학교 영상원 영화과,,,K14454
제작사,(사)대구 국제 뮤지컬 페스티벌,,,K28734
제작사,㈜나인테일즈코리아,,,K28734
제작사,(유)김시우필름,,,K28734
제작사,DIMF,,,K28734
제작사,한국예술종합학교 영상원 영화과,,,K32596
배급사,센트럴파크,,,K29392
배급사,㈜인디스토리,,,K29335
배급사,센트럴파크,,,K29334
배급사,센트럴파크,,,K29382
배급사,이와 람,,,K29397
공동제작사,하세,,,A08773
공동제작사,㈜성진본고기,,,A08773
공동제작사,송연기업,,,A08773
공동제작사,㈜풍진,,,A08773
공동제작사,㈜여의,,,A08773
공동제작사,기드온동족선교회,,,A08773
공동제작사,근우회,,,A08773
공동제작사,㈜한미실업,,,A08773
공동제작사,나눔과 기쁨,,,A08773
투자사,CBS,,,A08773
배급사,센트럴파크,,,K29401
배급사,필름다빈,,,K29442
투자사,감성스토리,공동투자,,K26394
제작사,주식회사 루비,,,F56323
제작사,파이오니아21,,,A09883
배급사,필름다빈,,,K29510
배급사,㈜마노엔터테인먼트,,,A09730
투자사,영화진흥위원회,제공,,K21424
제작사,유한회사 영화사 반딧불,,,K24532
투자사,㈜케이티,,,K24492
제작사,풀잎필름,,,K27516
제작사,㈜발자국공장,,,K22579
제작사,㈜피투스,,,K22579
투자사,리틀빅픽처스,제공,,K22837
제작사,한국예술종합학교 영상원 영화과,,,K25381
배급사,퍼니콘,,,K30021
제작사,한국예술종합학교 영상원 영화과,,,K32566
제작사,한국예술종합학교 영상원 영화과,,,K18151
제작사,한국예술종합학교 영상원 영화과,,,K32568
제작사,한국예술종합학교 영상원 영화과,,,K32569
제작사,한국예술종합학교 영상원 영화과,,,K27398
제작사,한국예술종합학교 영상원 영화과,,,K13895
제작사,한국예술종합학교 영상원 영화과,,,K32590
제작사,한국예술종합학교 영상원 영화과,,,K14625
제작사,한국예술종합학교 영상원 영화과,,,K32594
제작사,한국예술종합학교 영상원 영화과,,,K18512
제작사,한국예술종합학교 영상원 영화과,,,K32597
제작사,한국예술종합학교 영상원 영화과,,,K30618
제작사,한국예술종합학교 영상원 영화과,,,K15015
배급사,㈜스튜디오 디에이치엘,국내배급,,K27477
배급사,㈜화인컷,해외배급,,K27477
제작사,미소민(미디어로소통하는민주주의모임),,,A10882
제작사,㈜스튜디오 보난자,,,K22609
제작사,한국예술종합학교 미디어콘텐츠센터,,,K29199
배급사,㈜인디스토리,,,K29201
제작사,㈜슬기로운늑대,,,K24606
공동제작사,㈜라라미디어,,,K24606
제작사,한국영화아카데미,,,K15523
제작사,㈜오죤필름,,,K27480
제작사,㈜씨앗필름,,,K22103
배급사,매치박스 유한책임회사,,,K32232
배급사,매치박스 유한책임회사,,,K31550
배급사,아이 엠,,,K23923
배급사,M-Line Distribution,해외배급,,K23923
제작사,한국예술종합학교 영상원 영화과,,,K32537
제작사,한국예술종합학교 영상원 영화과,,,K32576
제작사,한국예술종합학교 영상원 영화과,,,K32578
제작사,한국예술종합학교 영상원 영화과,,,K32580
제작사,한국예술종합학교 영상원 영화과,,,K30398
제작사,한국예술종합학교 영상원 영화과,,,K30000
제작사,한국예술종합학교 영상원 영화과,,,K24205
제작사,한국예술종합학교 영상원 영화과,,,K32653
제작사,한국예술종합학교 영상원 영화과,,,K15139
제작사,한국예술종합학교 영상원 영화과,,,K32662
제작사,한국예술종합학교 영상원 영화과,,,K32742
제작사,퍼레이드픽쳐스,,,K22837
제작사,㈜박스미디어,,,K27232
배급사,㈜해조미디어,,,K24754
투자사,㈜아시아무비,제공,,K24754
배급사,조이앤시네마,,,K25023
제작사,㈜깜보 스튜디오,,,K22362
투자사,㈜누보인베스트먼트,제작투자,,K21240
배급사,㈜팝엔터테인먼트,,,K22661
제작사,㈜뉴버드,,,K21240
제작사,다큐인,,,K30165
투자사,㈜안강벤쳐투자,제작투자,,K21240
투자사,㈜웅비인,제작투자,,K21240
투자사,㈜트러스트무개문,제작투자,,K21240
투자사,㈜케이제이홀딩스그룹,제작투자,,K21240
투자사,㈜더킹이엔티,제공,,K21240
투자사,더이앤엠㈜,제공,,K21240
배급사,㈜이놀미디어,,,K21240
제작사,예술의전당,,,A08983
제작사,문화영상사업부,,,A08983
제작사,대구사람장애인자립생활센터,,,K30175
투자사,조이앤시네마,제공,,K23045
투자사,㈜영화사 사계절,제공,,K21573
투자사,리옌엔터테인먼트,제공,,K28407
제작사,스토리웨이브픽쳐스,,,K28410
제작사,전주시민미디어센터 영시미,,,A11306
제작사,한국문화예술위원회,,,A09797
제작사,시나브로 가슴에,공연 제작,,A09797
제작사,연두픽처스,영상 제작,,A09797
투자사,신영균 예술문화재단,제작투자,,K16492
배급사,씨네포트,배급총괄,,A09224
투자사,아토,,제공,K23047
투자사,모토,,제공,K23047
투자사,쏠레이파트너스(유),,공동제공,K23047
투자사,대성창업투자㈜,,공동제공,K23047
투자사,경기콘텐츠진흥원,,공동제공,K23047
투자사,(사)인천광역시영상위원회,,공동제공,K23047
투자사,영화진흥위원회,,공동제공,K23047
제작사,다큐인,,,A11332
배급사,필름다빈,,,K27516
배급사,M-Line Distribution,해외배급,,K27516
투자사,㈜글로빅엔터테인먼트,제공,,K28356
투자사,영화진흥위원회,제공,,K18147
배급사,㈜블루라벨 픽쳐스,배급,,K28777
배급사,디스트릭 몽,공동배급,,K28777
배급사,kt alpha,디지털배급,,K28777
배급사,㈜미로비젼,해외배급,,K28777
배급사,㈜스튜디오 보난자,해외배급,,K28777
제작사,㈜씨앗필름,,,K28546
공동제작사,한양제작소,,,K26754
공동제작사,고고스튜디오,,,K26754
배급사,㈜마인드마크,,,K22859
배급사,센트럴파크,,,K29312
배급사,센트럴파크,,,K29314
투자사,놀뫼엔터테인먼트,제공,,K28098
투자사,㈜엠엔에프씨,,,A08440
투자사,사단법인 뷰티플마인드,,,A08440
투자사,롯데엔터테인먼트,,,A08440
배급사,센트럴파크,,,K29395
투자사,CJ 엔터테인먼트,,,K22585
투자사,쏠레어파트너스,,,K22585
투자사,엠캐피탈,,,K22585
투자사,광주은행,,,K22585
투자사,하나금융투자,,,K22585
투자사,큐캐피탈파트너스,,,K22585
투자사,타임와이즈인베스트먼트,,,K22585
투자사,BNK캐피탈,,,K22585
투자사,KDB캐피탈,,,K22585
투자사,KC벤처스,,,K22585
투자사,IBK기업은행,,,K22585
투자사,트윈플러스파트너스,,,K22585
제작사,대장정,,,K23149
배급사,CL2D FILM,,,K18503
제작사,홈리스노동팀,,,A11136
배급사,㈜콘텐츠윙,,,K28381
제작사,다큐인,,,A11165
배급사,한국애니메이션고등학교,,,K31731
제작사,케디필름,,,K26858
배급사,㈜인디스토리,,,K31877
배급사,매치박스 유한책임회사,,,K32222
제작사,한국예술종합학교 영상원 영화과,,,K32347
배급사,매치박스 유한책임회사,,,K31521
제작사,매치박스 유한책임회사,,,K31550
배급사,매치박스 유한책임회사,,,K18457
제작사,한국예술종합학교 영상원 영화과,,,K32345
제작사,한국예술종합학교 영상원 영화과,,,K12891
공동제작사,Studioh film,,,K29656
공동제작사,H&J company,,,K29656
제작사,한국예술종합학교 영상원 영화과,,,K32919
제작사,한국예술종합학교 영상원 영화과,,,K20478
제작사,한국예술종합학교 영상원 영화과,,,K27253
제작사,한국예술종합학교 영상원 영화과,,,K18408
제작사,한국예술종합학교 영상원 영화과,,,K24206
제작사,한국예술종합학교 영상원 영화과,,,K32932
제작사,한국예술종합학교 영상원 영화과,,,K16493
제작사,한국예술종합학교 영상원 영화과,,,K32939
제작사,장애인문화공간,,,A11355
투자사,㈜그노스,제공,,K23026
배급사,김충길 필름,,,K29655
제작사,아남네시스필름,,,A06203
제작사,한국예술종합학교 영상원,,,A06203
투자사,아남네시스필름,제공,,A06203
배급사,kth,,,K23099
공동제작사,㈜더그레이트컴퍼니,,,K27683
배급사,씨엠픽쳐스,,,A09742
배급사,(주)씨네허브컴퍼니,,,A11905
공동제작사,㈜하세,,,A09408
공동제작사,㈜마이더스파트너스,,,A09408
공동제작사,SUM,,,A09408
투자사,㈜그노스,제공,,K28794
투자사,㈜다날엔터테인먼트,공동제공,,K28794
공동제작사,SCA,,,A09408
제작사,한국예술종합학교 영상원 영화과,,,K12828
제작사,한국예술종합학교 영상원 영화과,,,K12884
제작사,한국예술종합학교 영상원 영화과,,,K13357
제작사,한국예술종합학교 영상원 영화과,,,K25460
제작사,한국예술종합학교 영상원 영화과,,,K32487
제작사,한국예술종합학교 영상원 영화과,,,K32492
제작사,한국예술종합학교 영상원 영화과,,,K32496
제작사,한국예술종합학교 영상원 영화과,,,K32510
투자사,㈜아시아홈엔터테인먼트,제공,,A08253
제작사,㈜아시아홈엔터테인먼트,,,A08253
제작사,㈜영화사진,,,A10457
배급사,㈜인디스토리,,,K29499
투자사,㈜영화사진,제공,,A10457
투자사,메가박스중앙㈜플러스엠,공동제공/투자,,A08253
투자사,㈜미디어로그,공동제공,,A08253
투자사,한국방송광고진흥공사,공동제공,,A08253
배급사,센트럴파크,,,K29350
공동제작사,㈜엠앤씨에프,,,A10457
공동제작사,㈜무비웨이,,,A10457
투자사,㈜콘텐츠판다,공동제공,,A10457
투자사,엠앤씨에프,공동제공,,A10457
투자사,㈜KBS미디어,영상자료제공,,A10457
배급사,㈜트리플픽쳐스,배급,,A10457
배급사,㈜콘텐츠판다,디지털콘텐츠배급,,A10457
배급사,필름다빈,,,K29501
배급사,리틀빅픽처스,,,K25591
제작사,제이씨투엠인터내셔널 주식회사,제작,,K21338
제작사,대구대 장애학생지원센터,,,A11261
제작사,대구청각언어장애인복지관,,,K30063
제작사,김포장애인야학,,,A11231
제작사,바롬미디어,,,K30085
제작사,다큐인,,,A11286
배급사,㈜대교,,,K23056
제작사,경기디지털콘텐츠아카데미,,,K31756
배급사,경기디지털콘텐츠아카데미,,,K31756
공동제작사,㈜스테이블코드,,,K28902
공동제작사,㈜TEAM C,,,K28902
공동제작사,㈜동녘필름,,,K27480
공동제작사,GHOSTS CITY FILMS,,France,K27480
공동제작사,IRREVERENCE FILMS,,France,K27480
제작사,㈜큰물고기미디어,,,A10139
제작사,㈜데이드림엔터테인먼트,,,K22126
배급사,㈜트리플픽쳐스,배급,,A10139
배급사,㈜질리언뷰,디지털배급,,A10139
제작사,㈜에스에이치엔터앤컴퍼니,,,K26619
제작사,㈜스토리제이,,,K26619
배급사,㈜스토리제이,,,K26619
투자사,씨제이이앤엠㈜,제공,,K26824
투자사,코리안리재보험,공동제공,,K26824
투자사,우리금융캐피탈,공동제공,,K26824
투자사,예스코홀딩스,공동제공,,K26824
투자사,한국캐피탈,공동제공,,K26824
투자사,아스트라자산운용,공동제공,,K26824
투자사,한국투자신탁운용,공동제공,,K26824
공동제작사,하준사,,,K20826
제작사,부산 평상필름,,,K30716
투자사,영화진흥위원회,제공,,K18194
배급사,㈜더쿱,,,K23451
배급사,매치박스 유한책임회사,,,K32235
배급사,매치박스 유한책임회사,,,K32239
배급사,매치박스 유한책임회사,,,K32240
배급사,매치박스 유한책임회사,,,K32242
제작사,한국예술종합학교 영상원 영화과,,,K32548
제작사,한국예술종합학교 영상원 영화과,,,K32551
제작사,한국예술종합학교 영상원 영화과,,,K32556
제작사,한국예술종합학교 영상원 영화과,,,K32557
제작사,한국예술종합학교 영상원 영화과,,,K27161
제작사,한국예술종합학교 영상원 영화과,,,K32558
제작사,한국예술종합학교 영상원 영화과,,,K32559
제작사,한국예술종합학교 영상원 영화과,,,K32562
제작사,한국예술종합학교 영상원 영화과,,,K15287
제작사,한국예술종합학교 영상원 영화과,,,K32563
제작사,Liframe,,,K31543
제작사,한국예술종합학교 영상원 영화과,,,K32660
제작사,한국예술종합학교 영상원 영화과,,,K24384
제작사,한국예술종합학교 영상원 영화과,,,K14323
제작사,한국예술종합학교 영상원 영화과,,,K32665
제작사,영화필름,,,K21035
투자사,㈜제이앤씨미디어그룹,제공,,K23729
투자사,㈜아센디오,공동제공,,K23729
투자사,미시간벤처캐피탈㈜,공동제공,,K23729
공동제작사,숨쉬는 미디어교육 자몽,,,K30170
제작사,대구사람장애인자립생활센터,,,K30157
제작사,다큐인,,,A11287
제작사,사회복지공동모금회,,,A11290
제작사,전국장애인차별철폐연대,,,A11295
공동제작사,K&M COMPANY,,,K21573
제작사,펀펀한영화사,,,K21573
제작사,사계절,,,K21573
제작사,장애인문화공간,,,A11313
배급사,메가박스중앙㈜,,,A10500
배급사,㈜kt seezn,,,A10484
제작사,표범영화사,,,K28560
투자사,영화진흥위원회,제공,,K26307
투자사,영화진흥위원회,제공,,K26310
제작사,한국영화아카데미,,,K26310
배급사,㈜작당들,,,A09673
투자사,미디어 샘,제공,,K28791
투자사,보고이앤엠,제공,,K28791
투자사,조이앤시네마,제공,,K28791
투자사,비플릭스,제작투자,,K28815
투자사,한국플레이보이TV,제작투자,,K28815
배급사,㈜제타미디어,,,K28815
투자사,이노영 엔터테인먼트,제공,,K22264
공동제작사,㈜드림팩트엔터테인먼트,,,A09659
공동제작사,원피스,,,A09659
공동제작사,(재)한국천주교살레시오회,제작지원 및 감수,,A09659
제작사,영화사 화원,,,K19204
투자사,CJ ENM,제공,,K28829
투자사,화인파트너스,공동제공,,K28829
공동제작사,㈜엔에이치씨미디어,,,K16341
배급사,㈜트리플픽쳐스,,,K28923
배급사,케이무비엔터테인먼트,해외 배급,,K28923
투자사,엠캐피탈,공동제공,,K28829
투자사,큐캐피탈파트너스,공동제공,,K28829
투자사,광주은행,공동제공,,K28829
투자사,NBH캐피탈,공동제공,,K28829
투자사,피오인베스트먼트,공동제공,,K28829
투자사,IBK기업은행,공동제공,,K28829
투자사,아스트라자산운용,공동제공,,K28829
투자사,창조투자자문,공동제공,,K28829
투자사,트윈플러스파트너스,공동제공,,K28829
투자사,넥스트월드,공동제공,,K28829
투자사,워터홀컴퍼니,공동제공,,K28829
투자사,홍앤컴퍼니,공동제공,,K28829
투자사,커넥트픽쳐스,공동제공,,K28829
제작사,㈜스토리위즈,,,K28679
제작사,쟈니브로스㈜,,,K24732
제작사,메가박스중앙㈜플러스엠,,,K24732
공동제작사,㈜모토,,,K23122
배급사,무치필름,,,A09405
공동제작사,㈜래몽래인,,,A10484
공동제작사,L336,,,A06203
공동제작사,창작공간 활,,,A06203
배급사,장산시네마,,,K22935
투자사,영화진흥위원회,제공,,K21472
투자사,CJ ENM,제공,,K24327
투자사,쏠레어파트너스,공동제공,,K24327
투자사,예스코홀딩스,공동제공,,K24327
투자사,한국캐피탈,공동제공,,K24327
투자사,컴퍼니케이파트너스,공동제공,,K24327
투자사,문피아,공동제공,,K24327
투자사,KC벤처스,공동제공,,K24327
공동제작사,조이앤시네마,,,K28560
공동제작사,영화반점,,,K28560
제작사,한국예술종합학교 영상원 영화과,,,K32710
제작사,한국예술종합학교 영상원 영화과,,,K14875
제작사,한국예술종합학교 영상원 영화과,,,K32714
배급사,㈜라이크콘텐츠,,,A10877
배급사,블루필름웍스,,,A10882
제작사,㈜바보들,,,A10877
제작사,한국예술종합학교 영상원 영화과,,,K32735
제작사,한국예술종합학교 영상원 영화과,,,K32736
투자사,켈빈클레인프로젝트,제공,,A10954
투자사,㈜엣나인필름,제작투자,,A10954
투자사,영화사님아,제작투자,,A10954
투자사,미러앤스토리,공동투자,,A10954
투자사,블루버드픽처스,공동투자,,A10954
투자사,욱희씨네,공동투자,,A10954
제작사,한국예술종합학교 영상원 영화과,,,K18063
제작사,한국예술종합학교 영상원 영화과,,,K32747
배급사,㈜엣나인필름,,,A10954
배급사,TCO㈜더콘텐츠온,디지털 배급,,A10954
제작사,한국예술종합학교 영상원 영화과,,,K32749
제작사,한국예술종합학교 영상원 영화과,,,K20240
제작사,한국예술종합학교 영상원 영화과,,,K32946
제작사,한국예술종합학교 영상원 영화과,,,K32950
제작사,한국예술종합학교 영상원 영화과,,,K20217
제작사,한국예술종합학교 영상원 영화과,,,K32952
배급사,아이 엠,,,K27410
투자사,그린나래미디어(주),,,K23190
제작사,푸른영상,,,A10953
배급사,㈜시네마달,,,A10953
배급사,센트럴파크,,,K29367
공동제작사,㈜날개엔터테인먼트,,,K24624
배급사,알로하 엔터테인먼트,,,K24624
제작사,(주)형설앤,,,K23056
제작사,(주)새한프로덕션,,,K23056
투자사,㈜한국문화콘텐츠거래소,제공,KCBC,K28771
배급사,㈜이놀 미디어,배급,,K28771
배급사,KT alpha,디지털배급,,K28771
배급사,(주)씨네허브컴퍼니,,,A11907
제작사,고앤고필름,,,K22264
배급사,매치박스 유한책임회사,,,K31522
제작사,주식회사 전씨네,,,K28979
제작사,㈜도어 이앤엠,,,K28771
제작사,한국예술종합학교 영상원 영화과,,,K12837
제작사,한국예술종합학교 영상원 영화과,,,K20457
배급사,매치박스 유한책임회사,,,K32234
제작사,매치박스 유한책임회사,,,K32242
배급사,매치박스 유한책임회사,,,K32244
제작사,대장정,,,K23190
공동제작사,계벽물산,,,K23866
공동제작사,㈜에코필름,,,K23866
공동제작사,발포플랜,,,K23866
배급사,매치박스 유한책임회사,,,K32268
배급사,매치박스 유한책임회사,,,K32274
제작사,한국예술종합학교 영상원 영화과,,,K25463
제작사,한국예술종합학교 영상원 영화과,,,K32342
제작사,한국예술종합학교 영상원 영화과,,,K27596
제작사,한국예술종합학교 영상원 영화과,,,K15807
제작사,한국예술종합학교 영상원 영화과,,,K32421
배급사,㈜까멜리아이엔티,,,K28594
제작사,한국예술종합학교 영상원 영화과,,,K27315
제작사,한국예술종합학교 영상원 영화과,,,K32420
제작사,한국예술종합학교 영상원 영화과,,,K25320
제작사,한국예술종합학교 영상원 영화과,,,K32425
제작사,한국예술종합학교 영상원 영화과,,,K32427
제작사,유한회사 안녕하세요,,,K28827
제작사,한국예술종합학교 영상원 영화과,,,K27127
제작사,한국예술종합학교 영상원 영화과,,,K13044
배급사,㈜디스테이션,,,K28827
제작사,디엔디픽쳐스,,,K28827
배급사,㈜드림팩트엔터테인먼트,,,A10888
배급사,주식회사 미학인우주선,,,A10888
제작사,한국예술종합학교 영상원 영화과,,,K32441
배급사,센트럴파크,,,K28459
투자사,주식회사 엔픽플,제공,,K28869
투자사,엔픽블록,공동제공,,K28869
제작사,한국예술종합학교 영상원 영화과,,,K33000
제작사,한국예술종합학교 영상원 영화과,,,K33001
투자사,주기자유한회사,제공,,A09737
투자사,㈜대아흥업,공동제공,,A09737
투자사,주식회사 버킷스튜디오,공동제공,,A09737
제작사,㈜률필름,,,K27482
배급사,트윈플러스파트너스㈜,배급,,A09737
배급사,㈜인디스토리,,,K27482
제작사,한국예술종합학교 영상원 영화과,,,K20303
제작사,한국예술종합학교 영상원 영화과,,,K33021
제작사,한국예술종합학교 영상원 영화과,,,K33022
제작사,한국예술종합학교 영상원 영화과,,,K19853
제작사,한국예술종합학교 영상원 영화과,,,K17544
제작사,한국예술종합학교 영상원 영화과,,,K33023
제작사,한국예술종합학교 영상원 영화과,,,K19952
제작사,한국예술종합학교 영상원 영화과,,,K20355
제작사,한국예술종합학교 영상원 영화과,,,K20245
제작사,한국예술종합학교 영상원 영화과,,,K33024
배급사,뉴에이지필름,,,K30924
제작사,ATA,,,K28807
제작사,BY4M,,,K28807
제작사,이모션스튜디오,,,K28807
제작사,한국예술종합학교 영상원 영화과,,,K20013
제작사,한국예술종합학교 영상원 영화과,,,K20511
제작사,한국예술종합학교 영상원 영화과,,,K20346
제작사,한국예술종합학교 영상원 영화과,,,K20077
제작사,한국예술종합학교 영상원 영화과,,,K19768
투자사,ATA,제공,,K28807
투자사,BY4M,제공,,K28807
투자사,이모션스튜디오,제공,,K28807
투자사,로간 벤처스,제작투자,,K28807
제작사,한국예술종합학교 영상원 영화과,,,K33026
제작사,한국예술종합학교 영상원 영화과,,,K20042
제작사,한국예술종합학교 영상원 영화과,,,K20103
제작사,한국예술종합학교 영상원 영화과,,,K20228
제작사,㈜더드림픽쳐스,,,K29139
제작사,한국예술종합학교 영상원 영화과,,,K18643
제작사,한국예술종합학교 영상원 영화과,,,K33036
제작사,한국예술종합학교 영상원 영화과,,,K20052
제작사,한국예술종합학교 영상원 영화과,,,K19988
제작사,한국예술종합학교 영상원 영화과,,,K33037
제작사,매깨라스튜디오,,,A09124
제작사,아슬란필름,,,K23117
배급사,쉼표,,,K28659
제작사,한국영화아카데미,,,K29095
투자사,강원도립 극단,제공,,K28736
제작사,맥스프로,,,K28686
배급사,매치박스 유한책임회사,,,K32238
제작사,한국예술종합학교 영상원 영화과,,,K26686
공동제작사,㈜솔엔터테인먼트,,,K28594
제작사,한국예술종합학교 영상원 영화과,,,K32414
제작사,한국예술종합학교 영상원 영화과,,,K32417
제작사,한국예술종합학교 영상원 영화과,,,K21199
제작사,한국예술종합학교 영상원 영화과,,,K26696
공동제작사,타이거 시네마,,,K28736
제작사,한국예술종합학교 영상원 영화과,,,K13275
제작사,한국예술종합학교 영상원 영화과,,,K18971
제작사,한국예술종합학교 영상원 영화과,,,K15700
제작사,한국예술종합학교 영상원 영화과,,,K15698
배급사,퍼니콘,,,K31543
제작사,한국예술종합학교 영상원 영화과,,,K32565
제작사,한국예술종합학교 영상원 영화과,,,K32567
제작사,한국예술종합학교 영상원 영화과,,,K18968
제작사,한국예술종합학교 영상원 영화과,,,K26733
제작사,한국예술종합학교 영상원 영화과,,,K32571
제작사,한국예술종합학교 영상원 영화과,,,K32575
제작사,한국예술종합학교 영상원 영화과,,,K32577
배급사,메가박스중앙㈜플러스엠,,,K24732
제작사,한국예술종합학교 영상원 영화과,,,K21370
제작사,MediaNamu.Inc,,,K33337
제작사,Placebopictures,,,K33322
제작사,Studio DUMA,,,K33337
투자사,스마일픽쳐스,제공,,A12107
제작사,한국예술종합학교 영상원 영화과,,,K33051
제작사,한국예술종합학교 영상원 영화과,,,K17181
제작사,한국예술종합학교 영상원 영화과,,,K19989
제작사,한국예술종합학교 영상원 영화과,,,K33061
제작사,한국예술종합학교 영상원 영화과,,,K18205
제작사,용인문화재단,,,K33478
제작사,한국예술종합학교 영상원 영화과,,,K33123
제작사,한국예술종합학교 영상원 영화과,,,K23953
제작사,한국예술종합학교 영상원 영화과,,,K33138
제작사,한국예술종합학교 영상원 영화과,,,K33140
제작사,컨텐츠랩 비보,,,K33315
배급사,퍼니콘,,,K29539
제작사,한국예술종합학교 영상원 영화과,,,K28266
제작사,한국예술종합학교 영상원 영화과,,,K33053
제작사,한국예술종합학교 영상원 영화과,,,K20041
제작사,한국예술종합학교 영상원 영화과,,,K21857
제작사,Chol Soo Lee Documentary LLC,,,K33344
제작사,SonaFilms,,,K33344
제작사,한국예술종합학교 영상원 영화과,,,K33107
제작사,한국예술종합학교 영상원 영화과,,,K33114
제작사,한국예술종합학교 영상원 영화과,,,K33115
제작사,한국예술종합학교 영상원 영화과,,,K20513
제작사,한국예술종합학교 영상원 영화과,,,K33120
제작사,한국예술종합학교 영상원 영화과,,,K33121
제작사,한국예술종합학교 영상원 영화과,,,K33124
제작사,한국예술종합학교 영상원 영화과,,,K22462
제작사,한국예술종합학교 영상원 영화과,,,K21311
배급사,㈜나인플래너스,,,K30184
제작사,한국예술종합학교 영상원 영화과,,,K18023
제작사,강동희,,,K18023
제작사,한국예술종합학교 영상원 영화과,,,K33151
제작사,한국예술종합학교 영상원 영화과,,,K17370
제작사,한국예술종합학교 영상원 영화과,,,K18457
제작사,㈜선댄스,,,K30980
제작사,한국예술종합학교 영상원 영화과,,,K33066
제작사,한국예술종합학교 영상원 영화과,,,K33067
제작사,한국예술종합학교 영상원 영화과,,,K33068
배급사,언더식스티,,,K33256
배급사,퍼니콘,,,K33254
제작사,한국예술종합학교 영상원,,,K33254
제작사,한국예술종합학교 영상원 영화과,,,K33064
제작사,한국예술종합학교 영상원 영화과,,,K33065
제작사,한국예술종합학교 영상원 영화과,,,K33071
제작사,한국예술종합학교 영상원 영화과,,,K27501
제작사,한국예술종합학교 영상원 영화과,,,K17539
제작사,한국예술종합학교 영상원 영화과,,,K33079
제작사,한국예술종합학교 영상원 영화과,,,K19604
제작사,한국예술종합학교 영상원 영화과,,,K33080
제작사,한국예술종합학교 영상원 영화과,,,K33081
제작사,한국예술종합학교 영상원 영화과,,,K33112
제작사,한국예술종합학교 영상원 영화과,,,K19639
제작사,한국예술종합학교 영상원 영화과,,,K17537
제작사,한국예술종합학교 영상원 영화과,,,K33119
제작사,한국예술종합학교 영상원 영화과,,,K33141
제작사,한국예술종합학교 영상원 영화과,,,K28284
제작사,한국예술종합학교 영상원 영화과,,,K33148
제작사,한국예술종합학교 영상원 영화과,,,K23507
제작사,한국예술종합학교 영상원 영화과,,,K33150
제작사,한국예술종합학교 영상원 영화과,,,K33154
제작사,한국예술종합학교 영상원 영화과,,,K22530
제작사,한국예술종합학교 영상원 영화과,,,K33155
제작사,한국예술종합학교 영상원 영화과,,,K21139
제작사,한국예술종합학교 영상원 영화과,,,K17968
제작사,한국예술종합학교 영상원 영화과,,,K18112
제작사,한국예술종합학교 영상원 영화과,,,K33082
제작사,한국예술종합학교 영상원 영화과,,,K21008
제작사,한국예술종합학교 영상원 영화과,,,K18796
제작사,한국예술종합학교 영상원 영화과,,,K17599
제작사,한국예술종합학교 영상원 영화과,,,K33156
제작사,한국예술종합학교 영상원 영화과,,,K30224
제작사,한국예술종합학교 영상원 영화과,,,K33159
배급사,퍼니콘,,,K31428
제작사,㈜시네마달,,,K33336
제작사,Kepler49,,,K33336
배급사,퍼니콘,,,K33288
배급사,싸이더스,배급,,K27481
배급사,블루라벨픽쳐스,공동배급,,K27481
배급사,M-Line Distribution,해외배급,,K27481
제작사,한국예술종합학교 영상원 영화과,,,K20086
제작사,한국예술종합학교 영상원 영화과,,,K33060
제작사,한국예술종합학교 영상원 영화과,,,K33056
제작사,한국예술종합학교 영상원 영화과,,,K33059
제작사,한국예술종합학교 영상원 영화과,,,K20959
제작사,한국예술종합학교 영상원 영화과,,,K33063
제작사,한국예술종합학교 영상원 영화과,,,K20248
제작사,모티브픽쳐스㈜,,,K28908
투자사,모티브픽쳐스㈜,제공,,K28908
투자사,㈜영화사 륙,제공,,K28908
배급사,㈜영화사 륙,,,K28908
배급사,㈜씨네필운,,,K28908
제작사,한국예술종합학교 영상원 영화과,,,K20333
제작사,재크필름,,,K28908
제작사,한국예술종합학교 영상원 영화과,,,K33052
제작사,한국예술종합학교 영상원 영화과,,,K16495
제작사,한국예술종합학교 영상원 영화과,,,K27284
제작사,한국예술종합학교 영상원 영화과,,,K33062
제작사,한국예술종합학교 영상원 영화과,,,K33149
제작사,한국예술종합학교 영상원 영화과,,,K33083
제작사,한국예술종합학교 영상원 영화과,,,K33085
제작사,한국예술종합학교 영상원 영화과,,,K33142
제작사,한국예술종합학교 영상원 영화과,,,K17995
제작사,한국예술종합학교 영상원 영화과,,,K33157
제작사,한국예술종합학교 영상원 영화과,,,K18193
제작사,한국예술종합학교 영상원 영화과,,,K33158
제작사,한국예술종합학교 영상원 영화과,,,K22416
배급사,씨엠닉스,,,K29393
제작사,한국예술종합학교 영상원 영화과,,,K33110
제작사,영화사 숨비,,,K33339
제작사,㈜시네마달,,,K33341
제작사,YTRA FILM,,,K33341
제작사,'탁주'조합,,,K33343
제작사,works.oha.,,,K33343
배급사,㈜영화사 조은,배급지원,,A12107
투자사,닻 프로덕션,제공,,A12006
투자사,㈜디오시네마,제공,,A12006
제작사,장풍이엔엠,,,K33479
제작사,한국예술종합학교 영상원 영화과,,,K33054
제작사,한국예술종합학교 영상원 영화과,,,K33055
제작사,한국예술종합학교 영상원 영화과,,,K21787
제작사,한국예술종합학교 영상원 영화과,,,K33160
제작사,모쿠슈라,,,K33312
배급사,㈜디오시네마,,,A12006
제작사,시네마테크 충무로,,,A12107
투자사,트릴로지,제공,,K30184
제작사,한국예술종합학교 영상원 영화과,,,K19132
제작사,한국예술종합학교 영상원 영화과,,,K29313
제작사,한국영화아카데미,,,K32327
배급사,(주)더쿱디스트리뷰션,배급,,K32327
배급사,M-Line Distribution,해외배급,,K32327
제작사,(주)모그픽쳐스,,,K29134
배급사,BoXoo 엔터테인먼트,,,K29134
투자사,더그레이트 컴퍼니,,,K29134
제작사,㈜온엔터테인먼트,,,K29650
제작사,㈜영화사바른,,,K29650
